Activity_Date,GMV,listingFees
1/30/2013,0,0.05
1/30/2013,0,0.05
1/30/2013,0,0.15
1/30/2013,0,0.05
1/30/2013,0,0.05
1/30/2013,0,0.05
1/30/2013,0,0.15
1/30/2013,0,0.05
1/30/2013,0,0.05
1/30/2013,0,0.15
1/31/2013,0,0.05
1/31/2013,0,0.05
1/31/2013,0,0.05
1/31/2013,0,0.05
1/31/2013,0,0.05
1/31/2013,0,0.15
1/31/2013,0,0.1
1/31/2013,0,0.2
2/1/2013,0,0.05
2/1/2013,0,0.25
2/1/2013,0,0.1
2/1/2013,0,0.05
2/1/2013,0,0.05
2/1/2013,0,0.1
2/1/2013,0,0.05
2/2/2013,0,0.05
2/2/2013,0,0.05
2/2/2013,0,0.2
2/2/2013,0,0
2/2/2013,0,0.05
2/2/2013,0,0.05
2/2/2013,1,0.15
2/2/2013,0,0
2/2/2013,0,0.05
2/2/2013,0,0
2/2/2013,1,0.05
2/3/2013,0,0.1
2/3/2013,0,0.1
2/3/2013,0,0.1
2/3/2013,1,0.1
2/3/2013,1,0
2/3/2013,0,0.05
2/3/2013,0,0.25
2/3/2013,0,0.05
2/3/2013,0,0.1
2/3/2013,0,0.3
2/4/2013,0,0.05
2/4/2013,0,0.15
2/4/2013,0,0.05
2/4/2013,0,0.05
2/4/2013,0,0
2/4/2013,0,0.05
2/4/2013,0,0.1
2/4/2013,0,0.05
2/4/2013,0,0.05
2/5/2013,0,0.05
2/5/2013,0,0.05
2/5/2013,0,0.2
2/5/2013,0,0.05
2/5/2013,0,0.1
2/5/2013,0,0.1
2/5/2013,0,0.05
2/5/2013,0,0
2/6/2013,2,0.05
2/6/2013,0,0.05
2/6/2013,0,0.15
2/6/2013,1,0.05
2/6/2013,0,0.05
2/6/2013,0,0.05
2/6/2013,0,0.15
2/6/2013,1,0.05
2/6/2013,0,0.05
2/6/2013,0,0.15
2/7/2013,0,0.05
2/7/2013,0,0.05
2/7/2013,1,0.05
2/7/2013,0,0.05
2/7/2013,0,0
2/7/2013,1,0.05
2/7/2013,0,0.15
2/7/2013,2,0
2/7/2013,1,0.1
2/7/2013,0,0.2
2/8/2013,0,0.05
2/8/2013,0,0
2/8/2013,0,0.25
2/8/2013,0,0.1
2/8/2013,0,0.05
2/8/2013,0,0.05
2/8/2013,0,0.1
2/8/2013,0,0
2/8/2013,0,0.05
2/9/2013,0,0.05
2/9/2013,0,0.05
2/9/2013,0,0.2
2/9/2013,0,0
2/9/2013,0,0.05
2/9/2013,1,0.05
2/9/2013,0,0.15
2/9/2013,0,0
2/9/2013,0,0.05
2/9/2013,6,0
2/9/2013,0,0.05
2/10/2013,2,0.1
2/10/2013,0,0.1
2/10/2013,1,0.1
2/10/2013,0,0.1
2/10/2013,1,0
2/10/2013,0,0.05
2/10/2013,0,0.25
2/10/2013,0,0.05
2/10/2013,0,0.1
2/10/2013,2,0.3
2/11/2013,1,0.05
2/11/2013,5,0.15
2/11/2013,2,0.05
2/11/2013,0,0.05
2/11/2013,1,0
2/11/2013,1,0.05
2/11/2013,2,0.1
2/11/2013,0,0.05
2/11/2013,1,0.05
2/12/2013,1,0.05
2/12/2013,1,0.05
2/12/2013,4,0.2
2/12/2013,1,0.05
2/12/2013,1,0.1
2/12/2013,3,0.1
2/12/2013,2,0.05
2/12/2013,1,0
2/13/2013,3,0.05
2/13/2013,5,0.05
2/13/2013,4,0.15
2/13/2013,8,0
2/13/2013,0,0.05
2/13/2013,1,0.05
2/13/2013,6,0.15
2/13/2013,1,0.05
2/13/2013,4,0.05
2/13/2013,7,0.15
2/14/2013,1,0.05
2/14/2013,0,0.05
2/14/2013,3,0.05
2/14/2013,0,0.05
2/14/2013,2,0
2/14/2013,1,0.05
2/14/2013,1,0.15
2/14/2013,2,0
2/14/2013,1,0.1
2/14/2013,1,0.2
2/15/2013,1,0.05
2/15/2013,2,0
2/15/2013,4,0.25
2/15/2013,2,0.1
2/15/2013,2,0.05
2/15/2013,2,0.05
2/15/2013,0,0.1
2/15/2013,1,0
2/15/2013,0,0.05
2/16/2013,2,0.05
2/16/2013,1,0.05
2/16/2013,3,0.2
2/16/2013,1,0.05
2/16/2013,1,0.05
2/16/2013,4,0.15
2/16/2013,1,0
2/16/2013,0,0.05
2/16/2013,2,0
2/16/2013,3,0.05
2/17/2013,1,0.1
2/17/2013,1,0.1
2/17/2013,2,0.1
2/17/2013,1,0.05
2/17/2013,1,0
2/17/2013,0,0.05
2/17/2013,5,0.25
2/17/2013,0,0.05
2/17/2013,3,0.1
2/17/2013,4,0.3
2/18/2013,1,0.05
2/18/2013,5,0.15
2/18/2013,2,0.05
2/18/2013,0,0.05
2/18/2013,1,0
2/18/2013,1,0.05
2/18/2013,2,0.1
2/18/2013,0,0.05
2/18/2013,1,0.05
2/19/2013,1,0.05
2/19/2013,1,0.05
2/19/2013,4,0.2
2/19/2013,1,0.05
2/19/2013,1,0.1
2/19/2013,3,0.1
2/19/2013,1,0.05
2/19/2013,1,0
2/20/2013,2,0.05
2/20/2013,3,0.05
2/20/2013,3,0.15
2/20/2013,1,0
2/20/2013,0,0.05
2/20/2013,2,0.05
2/20/2013,5,0.15
2/20/2013,1,0.05
2/20/2013,2,0.05
2/20/2013,6,0.15
2/21/2013,2,0.05
2/21/2013,0,0.05
2/21/2013,3,0.05
2/21/2013,0,0.05
2/21/2013,1,0
2/21/2013,1,0.05
2/21/2013,1,0.15
2/21/2013,3,0
2/21/2013,1,0.1
2/21/2013,1,0.2
2/22/2013,2,0.05
2/22/2013,1,0
2/22/2013,4,0.25
2/22/2013,1,0.1
2/22/2013,2,0.05
2/22/2013,2,0.05
2/22/2013,0,0.1
2/22/2013,2,0
2/22/2013,0,0.05
2/23/2013,1,0.05
2/23/2013,1,0.05
2/23/2013,3,0.2
2/23/2013,1,0.05
2/23/2013,1,0.05
2/23/2013,7,0.15
2/23/2013,1,0
2/23/2013,0,0.05
2/23/2013,2,0
2/23/2013,4,0.05
2/24/2013,1,0.1
2/24/2013,1,0.1
2/24/2013,1,0.1
2/24/2013,1,0.05
2/24/2013,1,0
2/24/2013,0,0.05
2/24/2013,4,0.25
2/24/2013,0,0.05
2/24/2013,3,0.1
2/24/2013,5,0.3
2/25/2013,1,0.05
2/25/2013,5,0.15
2/25/2013,2,0.05
2/25/2013,0,0.05
2/25/2013,2,0
2/25/2013,1,0.05
2/25/2013,3,0.1
2/25/2013,0,0.05
2/25/2013,1,0.05
2/26/2013,1,0.05
2/26/2013,1,0.05
2/26/2013,4,0.2
2/26/2013,1,0.05
2/26/2013,1,0.1
2/26/2013,3,0.1
2/26/2013,1,0.05
2/26/2013,1,0
2/27/2013,2,0.05
2/27/2013,2,0.05
2/27/2013,2,0.15
2/27/2013,1,0
2/27/2013,0,0.05
2/27/2013,2,0.05
2/27/2013,6,0.15
2/27/2013,1,0.05
2/27/2013,2,0.05
2/27/2013,7,0.15
2/28/2013,1,0.05
2/28/2013,0,0.05
2/28/2013,3,0.05
2/28/2013,0,0.05
2/28/2013,0,0
2/28/2013,1,0.05
2/28/2013,0,0.15
2/28/2013,1,0
2/28/2013,1,0.1
2/28/2013,1,0.2
3/1/2013,0,0.05
3/1/2013,0,0
3/1/2013,0,0.25
3/1/2013,1,0.1
3/1/2013,12,0.05
3/1/2013,0,0.05
3/1/2013,0,0.1
3/1/2013,0,0
3/1/2013,0,0.05
3/2/2013,0,0.05
3/2/2013,1,0.05
3/2/2013,0,0.2
3/2/2013,0,0.05
3/2/2013,0,0.05
3/2/2013,0,0.15
3/2/2013,0,0
3/2/2013,0,0.05
3/2/2013,0,0
3/2/2013,0,0.05
3/3/2013,0,0.1
3/3/2013,0,0.1
3/3/2013,0,0.1
3/3/2013,0,0.05
3/3/2013,0,0
3/3/2013,0,0.05
3/3/2013,1,0.25
3/3/2013,0,0.05
3/3/2013,1,0.1
3/3/2013,1,0.3
3/4/2013,0,0.05
3/4/2013,0,0.15
3/4/2013,0,0.05
3/4/2013,0,0.05
3/4/2013,0,0
3/4/2013,0,0.05
3/4/2013,0,0.1
3/4/2013,0,0.05
3/4/2013,0,0.05
3/5/2013,0,0.05
3/5/2013,0,0.05
3/5/2013,0,0.2
3/5/2013,0,0.05
3/5/2013,0,0.1
3/5/2013,0,0.1
3/5/2013,0,0.05
3/5/2013,0,0
3/6/2013,1,0.05
3/6/2013,0,0.05
3/6/2013,0,0.15
3/6/2013,0,0
3/6/2013,0,0.05
3/6/2013,0,0.05
3/6/2013,1,0.15
3/6/2013,0,0.05
3/6/2013,0,0.05
3/6/2013,3,0.15
3/7/2013,0,0.05
3/7/2013,0,0.05
3/7/2013,0,0.05
3/7/2013,0,0.05
3/7/2013,0,0
3/7/2013,0,0.05
3/7/2013,0,0.15
3/7/2013,1,0
3/7/2013,0,0.1
3/7/2013,0,0.2
3/8/2013,0,0.05
3/8/2013,0,0
3/8/2013,1,0.25
3/8/2013,0,0.1
3/8/2013,1,0.05
3/8/2013,0,0.05
3/8/2013,0,0.1
3/8/2013,0,0
3/8/2013,0,0.05
3/9/2013,1,0.05
3/9/2013,1,0.05
3/9/2013,3,0.2
3/9/2013,1,0.05
3/9/2013,1,0.05
3/9/2013,4,0.15
3/9/2013,1,0
3/9/2013,0,0.05
3/9/2013,2,0
3/9/2013,3,0.05
3/10/2013,1,0.1
3/10/2013,1,0.1
3/10/2013,1,0.1
3/10/2013,5,0.05
3/10/2013,1,0
3/10/2013,0,0.05
3/10/2013,3,0.25
3/10/2013,0,0.05
3/10/2013,3,0.1
3/10/2013,4,0.3
3/11/2013,1,0.05
3/11/2013,6,0.15
3/11/2013,3,0.05
3/11/2013,0,0.05
3/11/2013,3,0
3/11/2013,1,0.05
3/11/2013,3,0.1
3/11/2013,0,0.05
3/11/2013,1,0.05
3/12/2013,2,0.05
3/12/2013,1,0.05
3/12/2013,4,0.2
3/12/2013,1,0.05
3/12/2013,16,0.1
3/12/2013,3,0.1
3/12/2013,2,0.05
3/12/2013,1,0
3/13/2013,0,0.05
3/13/2013,0,0.05
3/13/2013,0,0.15
3/13/2013,2,0
3/13/2013,0,0.05
3/13/2013,0,0.05
3/13/2013,0,0.15
3/13/2013,0,0.05
3/13/2013,0,0.05
3/13/2013,1,0.15
3/14/2013,0,0.05
3/14/2013,0,0.05
3/14/2013,0,0.05
3/14/2013,0,0.05
3/14/2013,0,0
3/14/2013,0,0.05
3/14/2013,0,0.15
3/14/2013,0,0
3/14/2013,0,0.1
3/14/2013,0,0.2
3/15/2013,0,0.05
3/15/2013,0,0
3/15/2013,1,0.2
3/15/2013,0,0.1
3/15/2013,2,0.05
3/15/2013,0,0.05
3/15/2013,0,0.1
3/15/2013,0,0
3/15/2013,0,0.05
3/16/2013,0,0.05
3/16/2013,0,0.05
3/16/2013,0,0.2
3/16/2013,0,0.05
3/16/2013,1,0.05
3/16/2013,0,0.15
3/16/2013,0,0
3/16/2013,0,0.05
3/16/2013,0,0
3/16/2013,1,0.05
3/17/2013,0,0
3/17/2013,0,0
3/17/2013,0,0
3/17/2013,1,0
3/17/2013,0,0
3/17/2013,0,0
3/17/2013,0,0
3/17/2013,1,0
3/17/2013,2,0
3/18/2013,0,0
3/18/2013,1,0
3/18/2013,0,0
3/18/2013,1,0
3/18/2013,0,0
3/18/2013,0,0
3/18/2013,0,0
3/19/2013,0,0
3/19/2013,1,0
3/19/2013,2,0
3/19/2013,0,0
3/19/2013,1,0
3/19/2013,0,0
3/19/2013,0,0
3/19/2013,0,0
4/22/2013,0,0
4/30/2013,0,0
6/16/2013,0,0.2
6/16/2013,0,0.05
6/16/2013,0,0.1
6/16/2013,0,0.05
6/17/2013,0,0.15
6/17/2013,0,0.05
6/17/2013,0,0.1
6/17/2013,0,0.05
6/18/2013,0,0.15
6/18/2013,0,0.1
6/18/2013,0,0.05
6/18/2013,0,0.05
6/19/2013,0,1.2
6/19/2013,0,0.2
6/19/2013,0,1.6
6/19/2013,0,0.05
6/19/2013,0,0.05
6/19/2013,0,0.05
6/20/2013,0,1.2
6/20/2013,0,0.1
6/20/2013,49,1.65
6/20/2013,0,0.05
6/20/2013,0,0.1
6/20/2013,0,0.05
6/21/2013,49,1.2
6/21/2013,0,0.1
6/21/2013,74,1.65
6/21/2013,0,0.05
6/21/2013,0,0.05
6/21/2013,0,0.05
6/21/2013,0,0.05
6/22/2013,54,1.2
6/22/2013,0,0.05
6/22/2013,103,1.65
6/22/2013,0,0.1
6/22/2013,0,0.1
6/22/2013,0,0.05
6/23/2013,147,1.2
6/23/2013,404,0.2
6/23/2013,56,1.65
6/23/2013,97,0.1
6/23/2013,6,0.05
6/24/2013,147,1.2
6/24/2013,404,0.1
6/24/2013,188,1.65
6/24/2013,72,0.25
6/24/2013,71,0.05
6/25/2013,59,1.2
6/25/2013,1002,0.05
6/25/2013,98,1.65
6/25/2013,87,0.15
6/25/2013,151,0.05
6/25/2013,61,0.05
6/26/2013,49,1.2
6/26/2013,168,0.15
6/26/2013,0,1.6
6/26/2013,57,0.1
6/26/2013,76,0.05
6/26/2013,36,0.05
6/27/2013,0,1.2
6/27/2013,127,0.1
6/27/2013,100,1.65
6/27/2013,36,0.1
6/27/2013,167,0.1
6/27/2013,41,0
6/28/2013,49,1.2
6/28/2013,131,0.1
6/28/2013,159,1.65
6/28/2013,36,0.1
6/28/2013,61,0.05
6/28/2013,81,0
6/28/2013,21,0.05
6/29/2013,98,1.2
6/29/2013,176,0.05
6/29/2013,125,1.65
6/29/2013,62,0.1
6/29/2013,167,0.1
6/29/2013,51,0.05
6/30/2013,49,1.2
6/30/2013,564,0.15
6/30/2013,699,1.7
6/30/2013,123,0.1
6/30/2013,36,0.05
7/1/2013,0,1.2
7/1/2013,403,0
7/1/2013,36,1.6
7/1/2013,173,0
7/1/2013,96,0
7/2/2013,0,1.2
7/2/2013,111,0.1
7/2/2013,46,1.65
7/2/2013,194,0.15
7/2/2013,182,0.05
7/2/2013,76,0
7/3/2013,0,1.2
7/3/2013,283,0.1
7/3/2013,49,1.6
7/3/2013,117,0.15
7/3/2013,116,0.05
7/3/2013,0,0.45
7/3/2013,0,0.05
7/3/2013,71,0
7/4/2013,0,1.2
7/4/2013,167,0.15
7/4/2013,61,1.6
7/4/2013,87,0.15
7/4/2013,162,0.05
7/5/2013,49,1.2
7/5/2013,267,0.1
7/5/2013,184,1.65
7/5/2013,139,0.1
7/5/2013,56,0.1
7/5/2013,9.9,0
7/5/2013,71,0
7/6/2013,49,1.2
7/6/2013,86,0.1
7/6/2013,258,1.65
7/6/2013,62,0.1
7/6/2013,217,0.05
7/6/2013,151,0
7/6/2013,0,0.05
7/7/2013,0,1.2
7/7/2013,313,0.05
7/7/2013,171,1.6
7/7/2013,72,0.15
7/7/2013,36,0.1
7/7/2013,0,0.05
7/8/2013,0,1.2
7/8/2013,142,0.15
7/8/2013,61,1.65
7/8/2013,103,0.25
7/8/2013,116,0.05
7/9/2013,0,0.8
7/9/2013,192,0.05
7/9/2013,0,1.65
7/9/2013,93,0.2
7/9/2013,86,0.05
7/9/2013,9.9,0
7/9/2013,101,0.4
7/9/2013,0,0.05
7/10/2013,0,0.8
7/10/2013,127,0.1
7/10/2013,0,1.6
7/10/2013,128,0.2
7/10/2013,306,0.05
7/10/2013,9.9,0.45
7/10/2013,0,0.45
7/11/2013,49,0.8
7/11/2013,202,0.15
7/11/2013,80,1.6
7/11/2013,77,0.2
7/11/2013,238,0.05
7/11/2013,0,0.4
7/12/2013,49,0.8
7/12/2013,362,0.1
7/12/2013,145,1.65
7/12/2013,62,0.15
7/12/2013,86,0.1
7/12/2013,69,0.4
7/12/2013,51,0
7/13/2013,49,0.8
7/13/2013,402,0.1
7/13/2013,0,1.65
7/13/2013,129,0.2
7/13/2013,172,0.05
7/13/2013,165,0.4
7/14/2013,98,0.8
7/14/2013,253,0.05
7/14/2013,41,1.6
7/14/2013,124,0.2
7/14/2013,26,0.1
7/14/2013,74,0.45
7/15/2013,0,0.8
7/15/2013,61,0.15
7/15/2013,11,1.65
7/15/2013,149,0.2
7/15/2013,86,0.05
7/15/2013,69,0.4
7/15/2013,66,0
7/16/2013,0,0.6
7/16/2013,162,0.1
7/16/2013,0,1.25
7/16/2013,104,0.2
7/16/2013,76,0
7/16/2013,56,0.4
7/16/2013,0,0.05
7/17/2013,39,0.6
7/17/2013,178,0.1
7/17/2013,39,1.25
7/17/2013,120,0.2
7/17/2013,86,0.05
7/17/2013,0,0.45
7/17/2013,0,0.4
7/18/2013,39,0.6
7/18/2013,137,0.05
7/18/2013,70,1.25
7/18/2013,113,0.25
7/18/2013,218,0.05
7/18/2013,0,0.4
7/19/2013,0,0.6
7/19/2013,172,0.1
7/19/2013,134,1.25
7/19/2013,114,0.15
7/19/2013,157,0.1
7/19/2013,9.9,0
7/19/2013,0,0.4
7/20/2013,44,0.6
7/20/2013,181,0.1
7/20/2013,78,1.25
7/20/2013,219,0.2
7/20/2013,117,0.05
7/20/2013,201,0.4
7/21/2013,0,0.6
7/21/2013,358,0.05
7/21/2013,94,1.2
7/21/2013,189,0.2
7/21/2013,46,0.1
7/21/2013,24.8,0
7/21/2013,0,0.45
7/22/2013,0,0.6
7/22/2013,182,0.15
7/22/2013,101,1.45
7/22/2013,224,0
7/22/2013,0,0.05
7/22/2013,69,0.4
7/22/2013,101,0
7/23/2013,0,0.6
7/23/2013,157,0.05
7/23/2013,75,1.5
7/23/2013,169,0
7/23/2013,96,0
7/23/2013,9.9,0
7/23/2013,74,0.45
7/24/2013,0,0.6
7/24/2013,36,0.1
7/24/2013,140,1.45
7/24/2013,206,0
7/24/2013,111,0.05
7/24/2013,0,0.45
7/24/2013,69,0.4
7/25/2013,0,0.6
7/25/2013,163,0.05
7/25/2013,135,1.5
7/25/2013,123,0
7/25/2013,162,0.05
7/25/2013,0,0.4
7/26/2013,0,0.7
7/26/2013,237,0.1
7/26/2013,139,1.5
7/26/2013,109,0
7/26/2013,71,0.1
7/26/2013,9.9,0
7/26/2013,0,0.4
7/27/2013,0,0.65
7/27/2013,106,0.1
7/27/2013,135,1.5
7/27/2013,240,0
7/27/2013,227,0.05
7/27/2013,31,0.4
7/28/2013,0,0.65
7/28/2013,318,0.05
7/28/2013,313,1.45
7/28/2013,71,0.1
7/28/2013,9.9,0
7/28/2013,0,0.45
7/29/2013,78,0.65
7/29/2013,111,0.15
7/29/2013,419,1.5
7/29/2013,0,0.05
7/29/2013,56,0.4
7/30/2013,0,0.65
7/30/2013,187,0.05
7/30/2013,319,1.55
7/30/2013,106,0
7/30/2013,0,0.45
7/31/2013,26,0.65
7/31/2013,167,0.1
7/31/2013,456,1.5
7/31/2013,106,0.05
7/31/2013,0,0.45
7/31/2013,74,0.4
8/1/2013,11,0.6
8/1/2013,107,0.05
8/1/2013,191,1.6
8/1/2013,182,0.05
8/1/2013,69,0.4
8/2/2013,94,0.65
8/2/2013,272,0.1
8/2/2013,190,1.45
8/2/2013,31,0.1
8/2/2013,0,0.4
8/3/2013,71,0.65
8/3/2013,76,0.1
8/3/2013,362,1.5
8/3/2013,188,0.05
8/3/2013,105,0.4
8/4/2013,11,0.65
8/4/2013,283,0.05
8/4/2013,345,1.5
8/4/2013,36,0.1
8/4/2013,9.9,0
8/4/2013,0,0.4
8/5/2013,60,0.6
8/5/2013,0,0.05
8/5/2013,91,0.15
8/5/2013,0,0.05
8/5/2013,501,1.5
8/5/2013,56,0.4
8/6/2013,50,0.6
8/6/2013,112,0.05
8/6/2013,245,1.6
8/6/2013,151,0
8/6/2013,0,0.45
8/7/2013,39,0.6
8/7/2013,41,0.1
8/7/2013,358,1.5
8/7/2013,171,0.1
8/7/2013,0,0.45
8/7/2013,0,0.4
8/8/2013,65,0.6
8/8/2013,212,0.05
8/8/2013,229,1.5
8/8/2013,248,0.05
8/8/2013,0,0.5
8/9/2013,55,0.65
8/9/2013,383,0.15
8/9/2013,294,1.4
8/9/2013,46,0.1
8/9/2013,0,0.4
8/10/2013,31,0.65
8/10/2013,161,0.1
8/10/2013,206,1.5
8/10/2013,0,0
8/10/2013,147,0.05
8/10/2013,0,0.4
8/11/2013,0,0.6
8/11/2013,51,0
8/11/2013,348,0.05
8/11/2013,21,0
8/11/2013,266,1.5
8/11/2013,0,0.1
8/11/2013,0,0.4
8/12/2013,0,0.65
8/12/2013,0,0.05
8/12/2013,1795,0.15
8/12/2013,453,1.45
8/12/2013,0,0.05
8/12/2013,46,0.4
8/13/2013,44,0.6
8/13/2013,252,0.05
8/13/2013,344,1.5
8/13/2013,147,0.05
8/13/2013,0,0.45
8/14/2013,0,0.6
8/14/2013,31,0.1
8/14/2013,336,1.55
8/14/2013,91,0
8/14/2013,9.9,0.45
8/14/2013,77,0.4
8/15/2013,36,0.6
8/15/2013,228,0.1
8/15/2013,133,1.5
8/15/2013,177,0
8/15/2013,0,0.45
8/16/2013,26,0.6
8/16/2013,252,0.15
8/16/2013,246,1.5
8/16/2013,0,0
8/16/2013,41,0
8/16/2013,0,0.45
8/17/2013,0,0.6
8/17/2013,176,0.05
8/17/2013,151,1.65
8/17/2013,0,0
8/17/2013,132,0
8/17/2013,0,0.4
8/18/2013,6,0.6
8/18/2013,31,0
8/18/2013,353,0.05
8/18/2013,155,1.3
8/18/2013,182,0.3
8/18/2013,24.8,0
8/18/2013,69,0.4
8/19/2013,39,0.6
8/19/2013,86,0.2
8/19/2013,289,1.6
8/19/2013,6,0.05
8/19/2013,120,0.4
8/20/2013,39,0.6
8/20/2013,122,0
8/20/2013,939,1.3
8/20/2013,0,0.3
8/20/2013,69,0.4
8/21/2013,NULL,0.6
8/21/2013,107,0
8/21/2013,299,1.3
8/21/2013,0,0.3
8/21/2013,0,0
8/21/2013,244,0.4
8/22/2013,0,0.6
8/22/2013,288,0
8/22/2013,210,1.3
8/22/2013,0,0
8/22/2013,0,0.3
8/22/2013,41,0.4
8/23/2013,0,0.6
8/23/2013,136,0
8/23/2013,354,1.3
8/23/2013,0,0
8/23/2013,0,0.3
8/23/2013,0,0
8/23/2013,NULL,0.4
8/23/2013,0,0
8/24/2013,0,0.6
8/24/2013,136,0
8/24/2013,257,1.3
8/24/2013,0,0
8/24/2013,0,0.3
8/24/2013,69,0.4
8/25/2013,0,0.6
8/25/2013,514,0
8/25/2013,244,1.3
8/25/2013,0,0
8/25/2013,46,0.3
8/25/2013,0,0.4
8/26/2013,0,0.6
8/26/2013,86,0
8/26/2013,311,1.3
8/26/2013,61,0
8/26/2013,37,0.3
8/26/2013,0,0
8/26/2013,0,0.4
8/27/2013,0,0
8/27/2013,0,1.4
8/27/2013,97,0
8/27/2013,235,0.4
8/27/2013,21,2.1
8/27/2013,45,0
8/27/2013,0,0.7
8/27/2013,0,0.4
8/28/2013,0,1.4
8/28/2013,112,0
8/28/2013,76,0.4
8/28/2013,410,2.1
8/28/2013,0,0
8/28/2013,0,0.7
8/28/2013,0,1.1
8/28/2013,0,0.4
8/29/2013,39,1.4
8/29/2013,122,0
8/29/2013,0,0.4
8/29/2013,144,2.1
8/29/2013,0,0
8/29/2013,11,0.7
8/29/2013,0,0.4
8/29/2013,16,0
8/30/2013,0,0.7
8/30/2013,141,0
8/30/2013,16,0.4
8/30/2013,238,2.8
8/30/2013,0,0
8/30/2013,0,0.7
8/30/2013,9.9,0
8/30/2013,0,0.4
8/31/2013,0,0.7
8/31/2013,96,0
8/31/2013,41,0.4
8/31/2013,216,2.8
8/31/2013,0,0
8/31/2013,39,0.7
8/31/2013,0,0.4
9/1/2013,39,0
9/1/2013,0,0
9/1/2013,319,0
9/1/2013,61,0
9/1/2013,0,0
9/1/2013,144,0
9/1/2013,0,0
9/1/2013,6,0
9/1/2013,0,0
9/2/2013,0,0
9/2/2013,66,0
9/2/2013,0,0
9/2/2013,222,0
9/2/2013,0,0
9/2/2013,369,0
9/2/2013,347,0
9/2/2013,0,0
9/2/2013,56,0
9/2/2013,201,0
9/3/2013,0,0
9/3/2013,0,0
9/3/2013,82,0
9/3/2013,0,0
9/3/2013,128,0
9/3/2013,0,0
9/3/2013,153,0
9/3/2013,51,0
9/3/2013,0,0
9/3/2013,0,0
9/3/2013,0,0
9/4/2013,0,0
9/4/2013,107,0
9/4/2013,0,0
9/4/2013,117,0
9/4/2013,0,0
9/4/2013,120,0
9/4/2013,86,0
9/4/2013,0,0
9/4/2013,0,0
9/4/2013,9.9,0
9/4/2013,0,0
9/5/2013,0,0
9/5/2013,126,0
9/5/2013,0,0
9/5/2013,118,0
9/5/2013,26,0
9/5/2013,0,0
9/5/2013,133,0
9/5/2013,0,0
9/5/2013,0,0
9/5/2013,16,0
9/6/2013,0,0
9/6/2013,66,0
9/6/2013,0,0
9/6/2013,318,0
9/6/2013,0,0
9/6/2013,0,0
9/6/2013,56,0
9/6/2013,0,0
9/6/2013,0,0
9/6/2013,0,0
9/7/2013,78,0
9/7/2013,61,0
9/7/2013,0,0
9/7/2013,196,0
9/7/2013,51,0
9/7/2013,0,0
9/7/2013,218,0
9/7/2013,0,0
9/7/2013,0,0
9/7/2013,0,0
9/8/2013,0,0
9/8/2013,208,0
9/8/2013,164,0
9/8/2013,138,0
9/8/2013,78,0
9/8/2013,0,0
9/8/2013,46,0
9/8/2013,0,0
9/8/2013,0,0
9/9/2013,78,0
9/9/2013,46,0
9/9/2013,46,0
9/9/2013,300,0
9/9/2013,78,0
9/9/2013,72,0
9/9/2013,76,0
9/9/2013,0,0
9/9/2013,0,0
9/10/2013,0,0
9/10/2013,122,0
9/10/2013,139,0
9/10/2013,254,0
9/10/2013,39,0
9/10/2013,51,0
9/10/2013,61,0
9/10/2013,0,0
9/10/2013,0,0
9/11/2013,39,0
9/11/2013,92,0
9/11/2013,130,0
9/11/2013,147,0
9/11/2013,39,0
9/11/2013,0,0
9/11/2013,81,0
9/11/2013,0,0
9/11/2013,9.9,0
9/11/2013,0,0
9/11/2013,0,0
9/12/2013,0,0
9/12/2013,198,0
9/12/2013,27,0
9/12/2013,127,0
9/12/2013,0,0
9/12/2013,16,0
9/12/2013,102,0
9/12/2013,0,0
9/12/2013,16,0
9/12/2013,0,0
9/13/2013,0,0
9/13/2013,0,0
9/13/2013,116,0
9/13/2013,138,0
9/13/2013,129,0
9/13/2013,0,0
9/13/2013,61,0
9/13/2013,0,0
9/13/2013,0,0
9/13/2013,0,0
9/14/2013,0,0
9/14/2013,141,0
9/14/2013,109,0
9/14/2013,108,0
9/14/2013,0,0
9/14/2013,6,0
9/14/2013,127,0
9/14/2013,0,0
9/14/2013,19.8,0
9/14/2013,0,0
9/15/2013,0,0
9/15/2013,203,0
9/15/2013,154,0
9/15/2013,263,0
9/15/2013,78,0
9/15/2013,132,0
9/15/2013,0,0
9/15/2013,19.8,0
9/15/2013,0,0
9/16/2013,0,0
9/16/2013,0,0
9/16/2013,81,0
9/16/2013,92,0
9/16/2013,174,0
9/16/2013,0,0
9/16/2013,112,0
9/16/2013,76,0
9/16/2013,0,0
9/16/2013,69,0
9/17/2013,0,0
9/17/2013,82,0
9/17/2013,88,0
9/17/2013,188,0
9/17/2013,147,0
9/17/2013,11,0
9/17/2013,91,0
9/17/2013,0,0
9/17/2013,138,0
9/18/2013,0,0
9/18/2013,122,0
9/18/2013,200,0
9/18/2013,132,0
9/18/2013,0,0
9/18/2013,101,0
9/18/2013,0,0
9/18/2013,0,0
9/18/2013,0,0
9/19/2013,0,0
9/19/2013,237,0
9/19/2013,170,0
9/19/2013,61,0
9/19/2013,0,0
9/19/2013,214,0
9/19/2013,0,0
9/19/2013,9.9,0
9/19/2013,21,0
9/19/2013,0,0
9/20/2013,39,0
9/20/2013,477,0
9/20/2013,124,0
9/20/2013,239,0
9/20/2013,39,0
9/20/2013,61,0
9/20/2013,0,0
9/20/2013,0,0
9/21/2013,39,0
9/21/2013,231,0
9/21/2013,139,0
9/21/2013,204,0
9/21/2013,108,0
9/21/2013,117,0
9/21/2013,39,0
9/21/2013,0,0
9/21/2013,69,0
9/22/2013,0,0
9/22/2013,231,0
9/22/2013,72,0
9/22/2013,219,0
9/22/2013,77,0
9/22/2013,117,0
9/22/2013,61,0
9/22/2013,0,0
9/22/2013,0,0
9/23/2013,0,0
9/23/2013,231,0
9/23/2013,61,0
9/23/2013,42,0
9/23/2013,139,0
9/23/2013,78,0
9/23/2013,62,0
9/23/2013,51,0
9/23/2013,0,0
9/23/2013,0,0
9/24/2013,0,0
9/24/2013,399,0
9/24/2013,68,0
9/24/2013,153,0
9/24/2013,0,0
9/24/2013,106,0
9/24/2013,0,0
9/24/2013,0,0
9/25/2013,0,0
9/25/2013,132,0
9/25/2013,190,0
9/25/2013,142,0
9/25/2013,39,0
9/25/2013,76,0
9/25/2013,0,0
9/25/2013,0,0
9/25/2013,0,0
9/26/2013,0,0
9/26/2013,152,0
9/26/2013,33,0
9/26/2013,41,0
9/26/2013,0,0
9/26/2013,123,0
9/26/2013,0,0
9/26/2013,16,0
9/26/2013,0,0
9/27/2013,0,0
9/27/2013,116,0
9/27/2013,234,0
9/27/2013,194,0
9/27/2013,39,0
9/27/2013,66,0
9/27/2013,0,0
9/27/2013,0,0
9/27/2013,0,0
9/28/2013,0,0
9/28/2013,126,0
9/28/2013,139,0
9/28/2013,77,0
9/28/2013,69,0
9/28/2013,107,0
9/28/2013,0,0
9/28/2013,0,0
9/29/2013,0,0
9/29/2013,353,0
9/29/2013,235,0
9/29/2013,102,0
9/29/2013,78,0
9/29/2013,41,0
9/29/2013,0,0
9/29/2013,0,0
9/30/2013,39,0
9/30/2013,0,0
9/30/2013,0,0
9/30/2013,118,0
9/30/2013,350,0
9/30/2013,0,0
9/30/2013,51,0
9/30/2013,0,0
9/30/2013,0,0
10/1/2013,0,0
10/1/2013,107,0
10/1/2013,68,0
10/1/2013,112,0
10/1/2013,0,0
10/1/2013,71,0
10/1/2013,0,0
10/1/2013,0,0
10/2/2013,0,0
10/2/2013,82,0
10/2/2013,225,0
10/2/2013,127,0
10/2/2013,0,0
10/2/2013,51,0
10/2/2013,0,0
10/2/2013,44.6,0
10/2/2013,0,0
10/3/2013,0,0
10/3/2013,207,0
10/3/2013,113,0
10/3/2013,46,0
10/3/2013,78,0
10/3/2013,92,0
10/3/2013,0,0
10/3/2013,9.9,0
10/3/2013,31,0
10/3/2013,0,0
10/4/2013,0,0
10/4/2013,111,0
10/4/2013,114,0
10/4/2013,199,0
10/4/2013,0,0
10/4/2013,56,0
10/4/2013,0,0
10/4/2013,0,0
10/4/2013,69,0
10/5/2013,78,0
10/5/2013,81,0
10/5/2013,224,0
10/5/2013,82,0
10/5/2013,78,0
10/5/2013,112,0
10/5/2013,0,0
10/5/2013,24.8,0
10/5/2013,0,0
10/5/2013,0,0
10/6/2013,0,0
10/6/2013,227,0
10/6/2013,240,0
10/6/2013,143,0
10/6/2013,39,0
10/6/2013,51,0
10/6/2013,0,0
10/6/2013,0,0
10/7/2013,0,0
10/7/2013,0,0
10/7/2013,36,0
10/7/2013,57,0
10/7/2013,139,0
10/7/2013,0,0
10/7/2013,76,0
10/7/2013,0,0
10/7/2013,9.9,0
10/7/2013,0,0
10/8/2013,0,0
10/8/2013,72,0
10/8/2013,83,0
10/8/2013,102,0
10/8/2013,0,0
10/8/2013,81,0
10/8/2013,0,0
10/8/2013,0,0
10/9/2013,39,0
10/9/2013,82,0
10/9/2013,220,0
10/9/2013,147,0
10/9/2013,39,0
10/9/2013,71,0
10/9/2013,0,0
10/9/2013,0,0
10/9/2013,0,0
10/10/2013,39,0
10/10/2013,142,0
10/10/2013,103,0
10/10/2013,56,0
10/10/2013,0,0
10/10/2013,142,0
10/10/2013,0,0
10/10/2013,16,0
10/10/2013,0,0
10/11/2013,0,0
10/11/2013,96,0
10/11/2013,165,0
10/11/2013,290,0
10/11/2013,0,0
10/11/2013,0,0
10/11/2013,0,0
10/11/2013,0,0
10/11/2013,0,0
10/12/2013,0,0
10/12/2013,131,0
10/12/2013,98,0
10/12/2013,275,0
10/12/2013,39,0
10/12/2013,61,0
10/12/2013,0,0
10/12/2013,9.9,0
10/12/2013,0,0
10/13/2013,39,0
10/13/2013,142,0
10/13/2013,104,0
10/13/2013,127,0
10/13/2013,78,0
10/13/2013,91,0
10/13/2013,0,0
10/13/2013,69,0
10/14/2013,39,0
10/14/2013,26,0
10/14/2013,72,0
10/14/2013,164,0
10/14/2013,0,0
10/14/2013,71,0
10/14/2013,29,0
10/14/2013,0,0
10/15/2013,0,0
10/15/2013,107,0
10/15/2013,21,0
10/15/2013,190,0
10/15/2013,0,0
10/15/2013,131,0
10/15/2013,0,0
10/15/2013,0,0
10/16/2013,0,0
10/16/2013,72,0
10/16/2013,265,0
10/16/2013,87,0
10/16/2013,0,0
10/16/2013,86,0
10/16/2013,0,0
10/16/2013,0,0
10/16/2013,0,0
10/17/2013,0,0
10/17/2013,97,0
10/17/2013,73,0
10/17/2013,51,0
10/17/2013,0,0
10/17/2013,71,0
10/17/2013,0,0
10/17/2013,9.9,0
10/17/2013,36,0
10/17/2013,0,0
10/18/2013,39,0
10/18/2013,181,0
10/18/2013,99,0
10/18/2013,214,0
10/18/2013,0,0
10/18/2013,0,0
10/18/2013,0,0
10/18/2013,0,0
10/18/2013,0,0
10/19/2013,0,0
10/19/2013,116,0
10/19/2013,129,0
10/19/2013,148,0
10/19/2013,0,0
10/19/2013,66,0
10/19/2013,0,0
10/19/2013,0,0
10/20/2013,0,0
10/20/2013,172,0
10/20/2013,154,0
10/20/2013,77,0
10/20/2013,0,0
10/20/2013,66,0
10/20/2013,0,0
10/20/2013,9.9,0
10/20/2013,69,0
10/21/2013,0,0
10/21/2013,21,0
10/21/2013,158,0
10/21/2013,183,0
10/21/2013,0,0
10/21/2013,0,0
10/21/2013,51,0
10/21/2013,0,0
10/21/2013,0,0
10/22/2013,0,0
10/22/2013,82,0
10/22/2013,84,0
10/22/2013,26,0
10/22/2013,0,0
10/22/2013,141,0
10/22/2013,0,0
10/22/2013,0,0
10/23/2013,0,0
10/23/2013,0,0
10/23/2013,77,0
10/23/2013,88,0
10/23/2013,162,0
10/23/2013,0,0
10/23/2013,0,0
10/23/2013,141,0
10/23/2013,0,0
10/23/2013,0,0
10/23/2013,9.9,0
10/23/2013,0,0
10/23/2013,0,0
10/24/2013,0,0
10/24/2013,0,0
10/24/2013,97,0
10/24/2013,73,0
10/24/2013,66,0
10/24/2013,0,0
10/24/2013,0,0
10/24/2013,81,0
10/24/2013,0,0
10/24/2013,0,0
10/24/2013,21,0
10/24/2013,0,0
10/24/2013,0,0
10/25/2013,0,0
10/25/2013,101,0
10/25/2013,83,0
10/25/2013,153,0
10/25/2013,108,0
10/25/2013,141,0
10/25/2013,0,0
10/25/2013,0,0
10/27/2013,0,0
10/27/2013,0,0
10/28/2013,0,0
10/28/2013,0,0
10/28/2013,0,0
10/28/2013,0,0
10/28/2013,39,0
10/28/2013,0,0
10/28/2013,0,0
10/29/2013,0,0
10/29/2013,159,0
10/29/2013,254,0
10/29/2013,0,0
10/29/2013,0,0
10/30/2013,0,0
10/30/2013,0,0
10/30/2013,127,0
10/30/2013,0,0
10/30/2013,0,0
10/30/2013,39,0
10/31/2013,0,0
10/31/2013,0,0
10/31/2013,176,0
10/31/2013,0,0
10/31/2013,108,0
11/1/2013,0,0
11/1/2013,0,0
11/1/2013,246,0
11/1/2013,0,0
11/1/2013,167,0
11/2/2013,0,0
11/2/2013,0,0
11/2/2013,0,0
11/2/2013,98,0
11/2/2013,0,0
11/2/2013,0,0
11/2/2013,147,0
11/3/2013,39,0
11/3/2013,0,0
11/3/2013,137,0
11/3/2013,68,0
11/3/2013,0,0
11/4/2013,0,0
11/4/2013,0,0
11/4/2013,107,0
11/4/2013,0,0
11/4/2013,0,0
11/4/2013,39,0
11/5/2013,0,0
11/5/2013,0,0
11/5/2013,156,0
11/5/2013,87,0
11/5/2013,39,0
11/6/2013,29,0
11/6/2013,0,0
11/6/2013,98,0
11/6/2013,29,0
11/6/2013,0,0
11/6/2013,39,0
11/7/2013,0,0
11/7/2013,0,0
11/7/2013,39,0
11/7/2013,0,0
11/7/2013,147,0
11/8/2013,63,0
11/8/2013,139,0
11/8/2013,390,0
11/8/2013,106,0
11/8/2013,39,0
11/9/2013,0,0
11/9/2013,0,0
11/9/2013,0,0
11/9/2013,0,0
11/9/2013,0,0
11/9/2013,371,0
11/9/2013,135,0
11/9/2013,24.8,0
11/9/2013,88,0
11/10/2013,63,0
11/10/2013,218,0
11/10/2013,214,0
11/10/2013,116,0
11/10/2013,39,0
11/11/2013,0,0
11/11/2013,0,0
11/11/2013,126,0
11/11/2013,0,0
11/11/2013,0,0
11/12/2013,63,0
11/12/2013,0,0
11/12/2013,0,0
11/12/2013,194,0
11/12/2013,106,0
11/12/2013,176,0
11/13/2013,0,0
11/13/2013,0,0
11/13/2013,205,0
11/13/2013,0,0
11/13/2013,0,0
11/13/2013,0,0
11/13/2013,39,0
11/14/2013,92,0
11/14/2013,0,0
11/14/2013,302,3.2
11/14/2013,58,0
11/14/2013,117,1.4
11/15/2013,29,0
11/15/2013,69,0
11/15/2013,287,0
11/15/2013,135,0
11/15/2013,0,0
11/15/2013,195,0
11/16/2013,29,0
11/16/2013,0,0
11/16/2013,214,0
11/16/2013,29,0
11/16/2013,0,0
11/16/2013,0,0
11/16/2013,234,0
11/17/2013,0,0
11/17/2013,0,0
11/17/2013,139,0
11/17/2013,0,0
11/17/2013,0,0
11/17/2013,287,0
11/17/2013,58,0
11/17/2013,9.9,0
11/17/2013,0,0
11/17/2013,117,0
11/18/2013,0,0
11/18/2013,0,0
11/18/2013,0,0
11/18/2013,0,0
11/18/2013,0,0
11/18/2013,146,0
11/18/2013,0,0
11/18/2013,29,0
11/18/2013,0,0
11/18/2013,0,0
11/18/2013,195,0
11/19/2013,34,0
11/19/2013,0,0
11/19/2013,36,0
11/19/2013,629,0
11/19/2013,0,0
11/19/2013,0,0
11/19/2013,146,0
11/20/2013,0,0
11/20/2013,0,0
11/20/2013,185,0
11/20/2013,0,0
11/20/2013,0,0
11/20/2013,0,0
11/20/2013,78,0
11/21/2013,63,0
11/21/2013,0,0
11/21/2013,141,0
11/21/2013,0,0
11/21/2013,9.9,0
11/21/2013,0,0
11/21/2013,107,0
11/22/2013,97,0
11/22/2013,0,0
11/22/2013,0,0
11/22/2013,195,0
11/22/2013,0,0
11/22/2013,0,0
11/22/2013,78,0
11/23/2013,92,0
11/23/2013,0,0
11/23/2013,302,0
11/23/2013,58,0
11/23/2013,0,0
11/23/2013,147,0
11/24/2013,58,0
11/24/2013,69,0
11/24/2013,146,0
11/24/2013,434,0
11/24/2013,29,0
11/24/2013,0,0
11/24/2013,56,0
11/24/2013,88,0
11/25/2013,0,0
11/25/2013,69,0
11/25/2013,376,0
11/25/2013,0,0
11/25/2013,39,0
11/25/2013,127,0
11/26/2013,0,1.1
11/26/2013,0,0
11/26/2013,0,0.7
11/26/2013,273,8.1
11/26/2013,29,0
11/26/2013,0,0
11/26/2013,0,0
11/26/2013,121,0
11/26/2013,39,5.6
11/27/2013,0,0
11/27/2013,0,0
11/27/2013,185,3.6
11/27/2013,29,0
11/27/2013,9.9,0
11/27/2013,0,0
11/27/2013,283,1.1
11/28/2013,0,0
11/28/2013,69,0
11/28/2013,121,0
11/28/2013,243,0
11/28/2013,0,0
11/28/2013,0,0
11/28/2013,234,0
11/29/2013,63,3.2
11/29/2013,0,2.1
11/29/2013,137,16.6
11/29/2013,0,1.2
11/29/2013,0,0
11/29/2013,88,8.8
11/30/2013,97,5.4
11/30/2013,0,4.9
11/30/2013,458,34.3
11/30/2013,0,2.3
11/30/2013,39,0.7
11/30/2013,117,15.4
12/1/2013,63,0
12/1/2013,0,0
12/1/2013,0,0
12/1/2013,216,0
12/1/2013,497,3.6
12/1/2013,87,0
12/1/2013,77,0
12/1/2013,0,0
12/1/2013,81,0
12/1/2013,171,0.7
12/2/2013,34,0
12/2/2013,0,0
12/2/2013,190,0
12/2/2013,29,0
12/2/2013,0,0
12/2/2013,39,0
12/2/2013,195,0
12/3/2013,34,0
12/3/2013,0,0
12/3/2013,0,0
12/3/2013,107,0
12/3/2013,29,0
12/3/2013,0,0
12/3/2013,0,0
12/3/2013,101,0
12/3/2013,88,0
12/4/2013,0,0
12/4/2013,0,0
12/4/2013,216,0
12/4/2013,205,0
12/4/2013,87,0
12/4/2013,7.9,0
12/4/2013,0,0
12/4/2013,78,0
12/5/2013,0,0
12/5/2013,0,0
12/5/2013,0,0
12/5/2013,176,0
12/5/2013,287,0
12/5/2013,58,0
12/5/2013,0,0
12/5/2013,7.9,0
12/5/2013,39,0
12/5/2013,156,0
12/6/2013,63,0
12/6/2013,0,0
12/6/2013,234,0
12/6/2013,87,0
12/6/2013,0,0
12/6/2013,117,0
12/7/2013,34,0
12/7/2013,69,0
12/7/2013,176,0
12/7/2013,29,0
12/7/2013,0,0
12/7/2013,215,0
12/8/2013,92,0
12/8/2013,0,0
12/8/2013,0,0
12/8/2013,111,0
12/8/2013,391,0
12/8/2013,29,0
12/8/2013,0,0
12/8/2013,0,0
12/8/2013,101,0
12/8/2013,156,0
12/9/2013,0,0
12/9/2013,0,0
12/9/2013,425,0
12/9/2013,0,0
12/9/2013,0,0
12/9/2013,0,0
12/10/2013,0,0
12/10/2013,116,0
12/10/2013,0,0
12/10/2013,333,0
12/10/2013,87,0
12/10/2013,29,0
12/10/2013,7.9,0
12/10/2013,0,0
12/10/2013,0,0
12/10/2013,117,0
12/11/2013,0,0
12/11/2013,0,0
12/11/2013,326,0
12/11/2013,29,0
12/11/2013,7.9,0
12/11/2013,0,0
12/11/2013,39,0
12/12/2013,112,0
12/12/2013,171,0
12/12/2013,0,0
12/12/2013,0,0
12/12/2013,453,0
12/12/2013,116,0
12/12/2013,132,0
12/12/2013,15.8,0
12/12/2013,0,0
12/12/2013,195,0
12/13/2013,68,0
12/13/2013,277,0
12/13/2013,69,0
12/13/2013,263,0
12/13/2013,29,0
12/13/2013,58,0
12/13/2013,0,0
12/13/2013,117,0
12/14/2013,214,0
12/14/2013,0,0
12/14/2013,185,0
12/14/2013,166,0
12/14/2013,0,0
12/14/2013,147,0
12/15/2013,34,0
12/15/2013,222,0
12/15/2013,0,0
12/15/2013,0,0
12/15/2013,283,0
12/15/2013,59,0
12/15/2013,0,0
12/15/2013,0,0
12/15/2013,39,0
12/16/2013,127,0
12/16/2013,0,0
12/16/2013,0,0
12/16/2013,244,0
12/16/2013,29,0
12/16/2013,126,0
12/16/2013,39,0
12/16/2013,39,0
12/17/2013,29,0
12/17/2013,0,0
12/17/2013,224,0
12/17/2013,0,0
12/17/2013,0,0
12/17/2013,166,0
12/17/2013,108,0
12/18/2013,39,0
12/18/2013,0,0
12/18/2013,229,0
12/18/2013,175,0
12/18/2013,7.9,0
12/18/2013,39,0
12/18/2013,166,0
12/19/2013,122,0
12/19/2013,69,0
12/19/2013,141,0
12/19/2013,117,0
12/19/2013,29,0
12/19/2013,7.9,0
12/19/2013,0,0
12/19/2013,39,0
12/20/2013,132,0
12/20/2013,0,0
12/20/2013,111,0
12/20/2013,346,0
12/20/2013,58,0
12/20/2013,39,0
12/20/2013,39,0
12/20/2013,117,0
12/21/2013,165,0
12/21/2013,0,0
12/21/2013,380,0
12/21/2013,29,0
12/21/2013,39,0
12/21/2013,0,0
12/21/2013,117,0
12/22/2013,39,0
12/22/2013,0,0
12/22/2013,246,0
12/22/2013,430,0
12/22/2013,29,0
12/22/2013,157,0
12/22/2013,7.9,0
12/22/2013,0,0
12/22/2013,81,0
12/22/2013,185,0
12/23/2013,68,0
12/23/2013,0,0
12/23/2013,261,0
12/23/2013,166,0
12/23/2013,0,0
12/23/2013,0,0
12/23/2013,0,0
12/23/2013,78,0
12/24/2013,34,0
12/24/2013,0,0
12/24/2013,68,0
12/24/2013,29,0
12/24/2013,7.9,0
12/24/2013,0,0
12/24/2013,0,0
12/24/2013,201,0
12/24/2013,39,0
12/25/2013,112,0
12/25/2013,0,0
12/25/2013,507,0
12/25/2013,88,0
12/25/2013,7.9,0
12/25/2013,0,0
12/25/2013,0,0
12/25/2013,205,0
12/26/2013,97,0
12/26/2013,0,0
12/26/2013,226,0
12/26/2013,468,0
12/26/2013,39,0
12/26/2013,7.9,0
12/26/2013,0,0
12/26/2013,19,0
12/26/2013,39,0
12/27/2013,73,0
12/27/2013,0,0
12/27/2013,443,0
12/27/2013,68,0
12/27/2013,0,0
12/27/2013,0,0
12/27/2013,371,0
12/28/2013,58,0
12/28/2013,69,0
12/28/2013,102,0
12/28/2013,0,0
12/28/2013,0,0
12/28/2013,38,0
12/28/2013,0,0
12/28/2013,254,0
12/29/2013,233,0
12/29/2013,0,0
12/29/2013,226,0
12/29/2013,365,0
12/29/2013,107,0
12/29/2013,0,0
12/29/2013,19,0
12/29/2013,91,0
12/29/2013,302,0
12/30/2013,63,0
12/30/2013,0,0
12/30/2013,261,0
12/30/2013,224,0
12/30/2013,0,0
12/30/2013,0,0
12/30/2013,38,0
12/30/2013,166,0
12/31/2013,39,0
12/31/2013,0,0
12/31/2013,117,0
12/31/2013,0,0
12/31/2013,0,0
12/31/2013,0,0
12/31/2013,126,0
12/31/2013,88,0
1/1/2014,220,0.7
1/1/2014,0,0
1/1/2014,570,4.2
1/1/2014,0,0
1/1/2014,7.9,0
1/1/2014,0,0
1/1/2014,38,0
1/1/2014,195,2.1
1/2/2014,214,0
1/2/2014,69,0
1/2/2014,186,0
1/2/2014,327,0
1/2/2014,97,0
1/2/2014,7.9,0
1/2/2014,0,0
1/2/2014,19,0
1/2/2014,39,0
1/3/2014,200,0
1/3/2014,0,0
1/3/2014,673,0
1/3/2014,0,0
1/3/2014,0,0
1/3/2014,0,0
1/3/2014,283,0
1/4/2014,29,0
1/4/2014,0,0
1/4/2014,195,0
1/4/2014,0,0
1/4/2014,7.9,0
1/4/2014,0,0
1/4/2014,57,0
1/4/2014,206,0
1/4/2014,146,0
1/5/2014,98,0
1/5/2014,0,0
1/5/2014,161,0
1/5/2014,365,0
1/5/2014,0,0
1/5/2014,0,0
1/5/2014,19,0
1/5/2014,106,0
1/5/2014,215,0
1/6/2014,132,0
1/6/2014,0,0
1/6/2014,221,0
1/6/2014,194,0
1/6/2014,0,0
1/6/2014,0,0
1/6/2014,38,0
1/6/2014,156,0
1/7/2014,0,0
1/7/2014,0,0
1/7/2014,221,0
1/7/2014,410,0
1/7/2014,29,0
1/7/2014,0,0
1/7/2014,0,0
1/7/2014,216,0
1/7/2014,49,0
1/8/2014,63,0
1/8/2014,0,0
1/8/2014,292,0
1/8/2014,78,0
1/8/2014,7.9,0
1/8/2014,0,0
1/8/2014,19,0
1/8/2014,78,0
1/9/2014,107,0
1/9/2014,0,0
1/9/2014,201,0
1/9/2014,288,0
1/9/2014,0,0
1/9/2014,0,0
1/9/2014,0,0
1/9/2014,215,0
1/10/2014,0,0
1/10/2014,0,0
1/10/2014,322,0
1/10/2014,0,0
1/10/2014,0,0
1/10/2014,38,0
1/10/2014,0,0
1/11/2014,0,0
1/11/2014,0,0
1/11/2014,141,0
1/11/2014,29,0
1/11/2014,0,0
1/11/2014,0,0
1/11/2014,126,0
1/11/2014,225,0
1/12/2014,63,0
1/12/2014,0,0
1/12/2014,86,0
1/12/2014,238,0
1/12/2014,78,0
1/12/2014,31.6,0
1/12/2014,0,0
1/12/2014,19,0
1/12/2014,71,0
1/12/2014,195,0
1/13/2014,102,0
1/13/2014,0,0
1/13/2014,116,0
1/13/2014,443,0
1/13/2014,0,0
1/13/2014,102,0
1/13/2014,0,0
1/13/2014,19,0
1/13/2014,117,0
1/14/2014,127,0
1/14/2014,0,0
1/14/2014,227,0
1/14/2014,0,0
1/14/2014,0,0
1/14/2014,38,0
1/14/2014,111,0
1/14/2014,39,0
1/15/2014,39,0
1/15/2014,0,0
1/15/2014,87,0
1/15/2014,29,0
1/15/2014,0,0
1/15/2014,0,0
1/15/2014,0,0
1/15/2014,166,0
1/16/2014,0,0
1/16/2014,0,0
1/16/2014,151,0
1/16/2014,263,0
1/16/2014,29,0
1/16/2014,0,0
1/16/2014,38,0
1/16/2014,244,0
1/17/2014,0,0
1/17/2014,0,0
1/17/2014,179,0
1/17/2014,146,0
1/17/2014,0,0
1/17/2014,38,0
1/17/2014,127,0
1/18/2014,68,0
1/18/2014,0,0
1/18/2014,311,0
1/18/2014,78,0
1/18/2014,0,0
1/18/2014,19,0
1/18/2014,116,0
1/18/2014,166,0
1/19/2014,29,0
1/19/2014,0,0
1/19/2014,156,0
1/19/2014,267,0
1/19/2014,117,0
1/19/2014,7.9,0
1/19/2014,0,0
1/19/2014,57,0
1/19/2014,41,0
1/19/2014,127,0
1/20/2014,107,0
1/20/2014,0,0
1/20/2014,141,0
1/20/2014,214,0
1/20/2014,39,0
1/20/2014,0,0
1/20/2014,57,0
1/20/2014,0,0
1/21/2014,0,0
1/21/2014,0,0
1/21/2014,190,0
1/21/2014,0,0
1/21/2014,39,0
1/21/2014,57,0
1/21/2014,166,0
1/21/2014,283,0
1/22/2014,68,0
1/22/2014,0,0
1/22/2014,131,0
1/22/2014,0,0
1/22/2014,0,0
1/22/2014,0,0
1/22/2014,38,0
1/22/2014,117,0
1/23/2014,73,0
1/23/2014,0,0
1/23/2014,272,0
1/23/2014,116,0
1/23/2014,39,0
1/23/2014,0,0
1/23/2014,38,0
1/23/2014,127,0
1/24/2014,68,0
1/24/2014,0,0
1/24/2014,949,0
1/24/2014,194,0
1/24/2014,59,0
1/24/2014,0,0
1/24/2014,19,0
1/24/2014,117,0
1/25/2014,170,0
1/25/2014,0,0
1/25/2014,395,0
1/25/2014,68,0
1/25/2014,0,0
1/25/2014,0,0
1/25/2014,256,0
1/25/2014,39,0
1/26/2014,244,0
1/26/2014,0,0
1/26/2014,146,0
1/26/2014,78,0
1/26/2014,29,0
1/26/2014,0,0
1/26/2014,0,0
1/26/2014,56,0
1/26/2014,88,0
1/27/2014,121,0
1/27/2014,0,0
1/27/2014,378,0
1/27/2014,203,0
1/27/2014,39,0
1/27/2014,0,0
1/27/2014,0,0
1/27/2014,39,0
1/28/2014,112,0
1/28/2014,69,0
1/28/2014,369,0
1/28/2014,97,0
1/28/2014,0,0
1/28/2014,95,0
1/28/2014,156,0
1/28/2014,176,0
1/29/2014,0,0
1/29/2014,69,0
1/29/2014,125,0
1/29/2014,0,0
1/29/2014,7.9,0
1/29/2014,0,0
1/29/2014,0,0
1/29/2014,235,0
1/30/2014,29,0
1/30/2014,0,0
1/30/2014,156,0
1/30/2014,263,0
1/30/2014,0,0
1/30/2014,0,0
1/30/2014,0,0
1/30/2014,166,0
1/31/2014,58,0
1/31/2014,0,0
1/31/2014,415,0
1/31/2014,0,0
1/31/2014,7.9,0
1/31/2014,0,0
1/31/2014,19,0
1/31/2014,411,0
2/1/2014,0,8.4
2/1/2014,69,4.9
2/1/2014,121,0
2/1/2014,273,34.5
2/1/2014,29,3.4
2/1/2014,0,0.7
2/1/2014,38,2.4
2/1/2014,206,0
2/1/2014,156,21.1
2/2/2014,107,8.4
2/2/2014,0,4.9
2/2/2014,101,0
2/2/2014,311,34.5
2/2/2014,39,3.4
2/2/2014,0,0.7
2/2/2014,57,2.4
2/2/2014,101,0
2/2/2014,284,21.1
2/3/2014,102,9.1
2/3/2014,0,4.9
2/3/2014,0,0
2/3/2014,106,0
2/3/2014,161,34.5
2/3/2014,29,3.8
2/3/2014,0,0.7
2/3/2014,0,2.4
2/3/2014,225,20.8
2/4/2014,0,0.7
2/4/2014,0,0
2/4/2014,106,0
2/4/2014,318,4.6
2/4/2014,78,0
2/4/2014,0,0
2/4/2014,0,0
2/4/2014,19,0
2/4/2014,161,0
2/4/2014,78,2.1
2/5/2014,126,0
2/5/2014,0,0
2/5/2014,337,0
2/5/2014,39,0
2/5/2014,0,0
2/5/2014,0,0
2/5/2014,38,0
2/5/2014,39,0
2/6/2014,73,0
2/6/2014,0,0
2/6/2014,201,0
2/6/2014,166,0
2/6/2014,0,0
2/6/2014,0,0
2/6/2014,76,0
2/6/2014,0,0
2/6/2014,294,0
2/7/2014,29,0
2/7/2014,0,0
2/7/2014,313,0
2/7/2014,175,0
2/7/2014,0,0
2/7/2014,0,0
2/7/2014,137,0
2/8/2014,34,0
2/8/2014,0,0
2/8/2014,279,0
2/8/2014,0,0
2/8/2014,0,0
2/8/2014,19,0
2/8/2014,191,0
2/8/2014,78,0
2/9/2014,107,0
2/9/2014,0,0
2/9/2014,206,0
2/9/2014,253,0
2/9/2014,29,0
2/9/2014,0,0
2/9/2014,38,0
2/9/2014,106,0
2/9/2014,0,0
2/10/2014,39,0
2/10/2014,0,0
2/10/2014,141,0
2/10/2014,332,0
2/10/2014,376,0
2/10/2014,29,0
2/10/2014,15.8,0
2/10/2014,0,0
2/10/2014,0,0
2/10/2014,98,0
2/11/2014,239,0
2/11/2014,0,0
2/11/2014,0,0
2/11/2014,226,0
2/11/2014,97,0
2/11/2014,0,0
2/11/2014,95,0
2/11/2014,146,0
2/11/2014,118,0
2/12/2014,39,0
2/12/2014,0,0
2/12/2014,97,0
2/12/2014,0,0
2/12/2014,0,0
2/12/2014,0,0
2/12/2014,19,0
2/12/2014,39,0
2/13/2014,107,0
2/13/2014,0,0
2/13/2014,126,0
2/13/2014,106,0
2/13/2014,0,0
2/13/2014,0,0
2/13/2014,0,0
2/13/2014,146,0
2/13/2014,343,0
2/14/2014,34,0
2/14/2014,0,0
2/14/2014,161,0
2/14/2014,0,0
2/14/2014,7.9,0
2/14/2014,0,0
2/14/2014,19,0
2/14/2014,49,0
2/15/2014,29,0
2/15/2014,0,0
2/15/2014,313,0
2/15/2014,0,0
2/15/2014,0,0
2/15/2014,38,0
2/15/2014,131,0
2/15/2014,127,0
2/16/2014,126,0
2/16/2014,0,0
2/16/2014,0,0
2/16/2014,136,0
2/16/2014,176,0
2/16/2014,215,0
2/16/2014,7.9,0
2/16/2014,0,0
2/16/2014,38,0
2/16/2014,61,0
2/16/2014,186,0
2/17/2014,58,0
2/17/2014,0,0
2/17/2014,141,0
2/17/2014,366,0
2/17/2014,68,0
2/17/2014,0,0
2/17/2014,19,0
2/17/2014,39,0
2/18/2014,92,0
2/18/2014,0,0
2/18/2014,126,0
2/18/2014,132,0
2/18/2014,0,0
2/18/2014,0,0
2/18/2014,19,0
2/18/2014,81,0
2/18/2014,98,0
2/19/2014,29,0
2/19/2014,0,0
2/19/2014,179,0
2/19/2014,73,0
2/19/2014,7.9,0
2/19/2014,0,0
2/19/2014,0,0
2/19/2014,78,0
2/20/2014,39,0
2/20/2014,0,0
2/20/2014,126,0
2/20/2014,34,0
2/20/2014,39,0
2/20/2014,0,0
2/20/2014,38,0
2/20/2014,39,0
2/21/2014,0,0
2/21/2014,0,0
2/21/2014,156,0
2/21/2014,0,0
2/21/2014,0,0
2/21/2014,19,0
2/21/2014,127,0
2/22/2014,68,0
2/22/2014,0,0
2/22/2014,121,0
2/22/2014,137,0
2/22/2014,29,0
2/22/2014,39,0
2/22/2014,0,0
2/22/2014,116,0
2/22/2014,98,0
2/23/2014,29,0
2/23/2014,0,0
2/23/2014,106,0
2/23/2014,0,0
2/23/2014,174,0
2/23/2014,87,0
2/23/2014,7.9,0
2/23/2014,0,0
2/23/2014,19,0
2/23/2014,46,0
2/23/2014,176,0
2/24/2014,29,0
2/24/2014,69,0
2/24/2014,216,0
2/24/2014,131,0
2/24/2014,0,0
2/24/2014,0,0
2/24/2014,19,0
2/24/2014,49,0
2/25/2014,107,0
2/25/2014,0,0
2/25/2014,146,0
2/25/2014,0,0
2/25/2014,7.9,0
2/25/2014,0,0
2/25/2014,0,0
2/25/2014,81,0
2/25/2014,59,0
2/26/2014,39,0
2/26/2014,39,0
2/26/2014,0,0
2/26/2014,7.9,0
2/26/2014,0,0
2/26/2014,19,0
2/26/2014,78,0
2/27/2014,102,0
2/27/2014,136,0
2/27/2014,39,0
2/27/2014,39,0
2/27/2014,0,0
2/27/2014,0,0
2/27/2014,0,0
2/28/2014,194,0
2/28/2014,297,0
2/28/2014,68,0
2/28/2014,0,0
2/28/2014,19,0
2/28/2014,274,0
3/1/2014,73,0.7
3/1/2014,219,2.8
3/1/2014,0,0
3/1/2014,7.9,0
3/1/2014,0,0
3/1/2014,38,0
3/1/2014,151,0
3/1/2014,117,1.4
3/2/2014,92,0
3/2/2014,66,0
3/2/2014,204,0
3/2/2014,0,0
3/2/2014,7.9,0
3/2/2014,0,0
3/2/2014,0,0
3/2/2014,76,0
3/2/2014,39,0
3/3/2014,204,0
3/3/2014,156,0
3/3/2014,312,0
3/3/2014,0,0
3/3/2014,0,0
3/3/2014,0,0
3/3/2014,39,0
3/4/2014,63,0
3/4/2014,156,0
3/4/2014,68,0
3/4/2014,0,0
3/4/2014,0,0
3/4/2014,171,0
3/4/2014,137,0
3/5/2014,34,0
3/5/2014,200,0
3/5/2014,29,0
3/5/2014,7.9,0
3/5/2014,0,0
3/5/2014,0,0
3/5/2014,39,0
3/6/2014,34,0
3/6/2014,91,0
3/6/2014,176,0
3/6/2014,0,0
3/6/2014,0,0
3/6/2014,19,0
3/6/2014,216,0
3/7/2014,171,0
3/7/2014,171,0
3/7/2014,39,0
3/7/2014,0,0
3/7/2014,19,0
3/7/2014,117,0
3/8/2014,29,0
3/8/2014,194,0
3/8/2014,39,0
3/8/2014,0,0
3/8/2014,19,0
3/8/2014,111,0
3/8/2014,117,0
3/9/2014,59,0
3/9/2014,106,0
3/9/2014,88,0
3/9/2014,58,0
3/9/2014,0,0
3/9/2014,0,0
3/9/2014,237,0
3/9/2014,39,0
3/10/2014,0,0
3/10/2014,276,0
3/10/2014,112,0
3/10/2014,29,0
3/10/2014,0,0
3/10/2014,76,0
3/10/2014,126,0
3/10/2014,78,0
3/11/2014,29,0
3/11/2014,145,0
3/11/2014,68,0
3/11/2014,0,0
3/11/2014,19,0
3/11/2014,121,0
3/11/2014,127,0
3/12/2014,0,0
3/12/2014,220,0
3/12/2014,59,0
3/12/2014,0,0
3/12/2014,0,0
3/12/2014,0,0
3/12/2014,108,0
3/13/2014,0,0
3/13/2014,126,0
3/13/2014,107,0
3/13/2014,0,0
3/13/2014,7.9,0
3/13/2014,0,0
3/13/2014,0,0
3/13/2014,0,0
3/14/2014,0,0
3/14/2014,34,0
3/14/2014,39,0
3/14/2014,7.9,0
3/14/2014,0,0
3/14/2014,19,0
3/14/2014,156,0
3/15/2014,122,0
3/15/2014,287,0
3/15/2014,0,0
3/15/2014,7.9,0
3/15/2014,0,0
3/15/2014,0,0
3/15/2014,101,0
3/15/2014,0,0
3/16/2014,29,0
3/16/2014,156,0
3/16/2014,195,0
3/16/2014,58,0
3/16/2014,0,0
3/16/2014,19,0
3/16/2014,71,0
3/16/2014,117,0
3/17/2014,122,0
3/17/2014,256,0
3/17/2014,263,0
3/17/2014,107,0
3/17/2014,0,0
3/17/2014,19,0
3/17/2014,49,0
3/18/2014,58,0
3/18/2014,116,0
3/18/2014,117,0
3/18/2014,59,0
3/18/2014,0,0
3/18/2014,0,0
3/18/2014,111,0
3/18/2014,245,0
3/19/2014,29,0
3/19/2014,195,0
3/19/2014,93,0
3/19/2014,0,0
3/19/2014,0,0
3/19/2014,0,0
3/19/2014,255,0
3/20/2014,59,0
3/20/2014,116,0
3/20/2014,29,0
3/20/2014,39,0
3/20/2014,0,0
3/20/2014,0,0
3/20/2014,146,0
3/21/2014,0,0
3/21/2014,111,0
3/21/2014,166,0
3/21/2014,0,0
3/21/2014,0,0
3/21/2014,19,0
3/21/2014,39,0
3/22/2014,63,0
3/22/2014,0,0
3/22/2014,267,0
3/22/2014,0,0
3/22/2014,87,0
3/22/2014,0,0
3/22/2014,7.9,0
3/22/2014,0,0
3/22/2014,38,0
3/22/2014,96,0
3/22/2014,0,0
3/23/2014,92,0
3/23/2014,39,0
3/23/2014,136,0
3/23/2014,127,0
3/23/2014,0,0
3/23/2014,141,0
3/23/2014,0,0
3/23/2014,7.9,0
3/23/2014,0,0
3/23/2014,19,0
3/23/2014,76,0
3/23/2014,127,0
3/24/2014,0,0
3/24/2014,0,0
3/24/2014,201,0
3/24/2014,273,0
3/24/2014,0,0
3/24/2014,34,0
3/24/2014,0,0
3/24/2014,0,0
3/24/2014,0,0
3/24/2014,0,0
3/25/2014,34,0
3/25/2014,0,0
3/25/2014,219,0
3/25/2014,0,0
3/25/2014,0,0
3/25/2014,0,0
3/25/2014,0,0
3/25/2014,0,0
3/25/2014,0,0
3/25/2014,0,0
3/25/2014,176,0
3/25/2014,39,0
3/25/2014,0,0
3/26/2014,34,0
3/26/2014,0,0
3/26/2014,0,0
3/26/2014,0,0
3/26/2014,0,0
3/26/2014,0,0
3/26/2014,0,0
3/27/2014,0,0
3/27/2014,0,0
3/27/2014,86,0
3/27/2014,0,0
3/27/2014,151,0
3/27/2014,127,0
3/27/2014,0,0
3/27/2014,0,0
3/27/2014,38,0
3/27/2014,0,0
3/27/2014,39,0
3/28/2014,39,0
3/28/2014,346,0
3/28/2014,0,0
3/28/2014,34,0
3/28/2014,0,0
3/28/2014,0,0
3/28/2014,19,0
3/28/2014,49,0
3/29/2014,186,0
3/29/2014,0,0
3/29/2014,0,0
3/29/2014,517,0
3/29/2014,68,0
3/29/2014,0,0
3/29/2014,0,0
3/29/2014,136,0
3/29/2014,0,0
3/29/2014,88,0
3/30/2014,63,0
3/30/2014,61,0
3/30/2014,267,0
3/30/2014,78,0
3/30/2014,0,0
3/30/2014,0,0
3/30/2014,76,0
3/30/2014,254,0
3/31/2014,0,0
3/31/2014,101,0
3/31/2014,29,0
3/31/2014,39,0
3/31/2014,0,0
3/31/2014,38,0
3/31/2014,176,0
4/1/2014,87,0
4/1/2014,302,0
4/1/2014,59,0
4/1/2014,0,0
4/1/2014,49,0
4/1/2014,101,0
4/1/2014,39,0
4/2/2014,0,0
4/2/2014,92,0
4/2/2014,39,0
4/2/2014,7.9,0
4/2/2014,0,0
4/2/2014,19,0
4/2/2014,0,0
4/3/2014,132,0
4/3/2014,141,0
4/3/2014,219,0
4/3/2014,0,0
4/3/2014,0,0
4/3/2014,38,0
4/3/2014,39,0
4/4/2014,107,0
4/4/2014,252,0
4/4/2014,150,0
4/4/2014,0,0
4/4/2014,15.8,0
4/4/2014,0,0
4/4/2014,19,0
4/4/2014,0,0
4/5/2014,0,0
4/5/2014,0,0
4/5/2014,0,0
4/5/2014,146,0
4/5/2014,0,0
4/5/2014,157,0
4/5/2014,0,0
4/5/2014,19,0
4/5/2014,186,0
4/5/2014,0,0
4/5/2014,0,0
4/6/2014,73,0
4/6/2014,156,0
4/6/2014,229,0
4/6/2014,0,0
4/6/2014,0,0
4/6/2014,49,0
4/6/2014,166,0
4/6/2014,166,0
4/7/2014,0,0
4/7/2014,151,0
4/7/2014,58,0
4/7/2014,39,0
4/7/2014,0,0
4/7/2014,38,0
4/7/2014,0,0
4/8/2014,132,0
4/8/2014,136,0
4/8/2014,0,0
4/8/2014,0,0
4/8/2014,57,0
4/8/2014,146,0
4/8/2014,98,0
4/9/2014,29,0
4/9/2014,116,0
4/9/2014,127,0
4/9/2014,39,0
4/9/2014,7.9,0
4/9/2014,0,0
4/9/2014,19,0
4/9/2014,39,0
4/10/2014,117,0
4/10/2014,211,0
4/10/2014,380,0
4/10/2014,59,0
4/10/2014,7.9,0
4/10/2014,0,0
4/10/2014,76,0
4/10/2014,39,0
4/11/2014,29,0
4/11/2014,137,0
4/11/2014,0,0
4/11/2014,0,0
4/11/2014,0,0
4/11/2014,0,0
4/11/2014,49,0
4/12/2014,102,0
4/12/2014,0,0
4/12/2014,196,0
4/12/2014,0,0
4/12/2014,0,0
4/12/2014,38,0
4/12/2014,111,0
4/12/2014,0,0
4/12/2014,98,0
4/13/2014,0,0
4/13/2014,116,0
4/13/2014,117,0
4/13/2014,59,0
4/13/2014,0,0
4/13/2014,19,0
4/13/2014,212,0
4/13/2014,39,0
4/14/2014,34,0
4/14/2014,191,0
4/14/2014,151,0
4/14/2014,0,0
4/14/2014,0,0
4/14/2014,87,0
4/14/2014,88,0
4/15/2014,68,0
4/15/2014,78,0
4/15/2014,0,0
4/15/2014,0,0
4/15/2014,19,0
4/15/2014,161,0
4/15/2014,0,0
4/16/2014,0,0
4/16/2014,39,0
4/16/2014,0,0
4/16/2014,0,0
4/16/2014,0,0
4/16/2014,0,0
4/16/2014,0,0
4/16/2014,156,0
4/16/2014,39,0
4/17/2014,88,0
4/17/2014,126,0
4/17/2014,34,0
4/17/2014,0,0
4/17/2014,0,0
4/17/2014,38,0
4/17/2014,137,0
4/18/2014,0,0
4/18/2014,0,0
4/18/2014,117,0
4/18/2014,0,0
4/18/2014,0,0
4/18/2014,57,0
4/18/2014,195,0
4/19/2014,0,0
4/19/2014,0,0
4/19/2014,117,0
4/19/2014,29,0
4/19/2014,0,0
4/19/2014,0,0
4/19/2014,151,0
4/19/2014,0,0
4/19/2014,39,0
4/20/2014,59,0
4/20/2014,181,0
4/20/2014,259,0
4/20/2014,0,0
4/20/2014,7.9,0
4/20/2014,0,0
4/20/2014,49,0
4/20/2014,81,0
4/20/2014,49,0
4/21/2014,220,0
4/21/2014,2,0.1
4/21/2014,131,0
4/21/2014,328,0
4/21/2014,0,0
4/21/2014,0,0
4/21/2014,19,0
4/21/2014,117,0
4/22/2014,112,0
4/22/2014,19,0
4/22/2014,68,0
4/22/2014,0,0
4/22/2014,68,0
4/22/2014,131,0
4/22/2014,39,0
4/23/2014,78,0
4/23/2014,136,0
4/23/2014,0,0
4/23/2014,0,0
4/23/2014,0,0
4/23/2014,19,0
4/23/2014,0,0
4/24/2014,126,0
4/24/2014,256,0
4/24/2014,87,0
4/24/2014,39,0
4/24/2014,0,0
4/24/2014,19,0
4/24/2014,88,0
4/25/2014,151,0
4/25/2014,0,0
4/25/2014,395,0
4/25/2014,0,0
4/25/2014,68,0
4/25/2014,15.8,0
4/25/2014,0,0
4/25/2014,0,0
4/25/2014,0,0
4/25/2014,0,0
4/26/2014,191,0
4/26/2014,0,0
4/26/2014,116,0
4/26/2014,0,0
4/26/2014,244,0
4/26/2014,0,0
4/26/2014,59,0
4/26/2014,0,0
4/26/2014,0,0
4/26/2014,0,0
4/26/2014,0,0
4/26/2014,0,0
4/26/2014,0,0
4/26/2014,166,0
4/26/2014,49,0
4/26/2014,0,0
4/27/2014,59,0
4/27/2014,29,0
4/27/2014,131,0
4/27/2014,0,0
4/27/2014,214,0
4/27/2014,29,0
4/27/2014,7.9,0
4/27/2014,0,0
4/27/2014,0,0
4/27/2014,0,0
4/27/2014,146,0
4/27/2014,0,0
4/27/2014,382,0
4/28/2014,34,0
4/28/2014,301,0
4/28/2014,274,0
4/28/2014,0,0
4/28/2014,0,0
4/28/2014,0,0
4/28/2014,141,0
4/28/2014,255,0
4/29/2014,73,0
4/29/2014,229,0
4/29/2014,68,0
4/29/2014,7.9,0
4/29/2014,0,0
4/29/2014,0,0
4/29/2014,141,0
4/29/2014,39,0
4/30/2014,93,0
4/30/2014,239,0
4/30/2014,98,0
4/30/2014,0,0
4/30/2014,0,0
4/30/2014,19,0
4/30/2014,88,0
5/1/2014,0,0
5/1/2014,196,0
5/1/2014,342,0
5/1/2014,59,0
5/1/2014,0,0
5/1/2014,19,0
5/1/2014,88,0
5/2/2014,0,0
5/2/2014,258,0
5/2/2014,127,0
5/2/2014,0,0
5/2/2014,0,0
5/2/2014,19,0
5/2/2014,205,0
5/3/2014,0,0
5/3/2014,0,0
5/3/2014,0,0
5/3/2014,0,0
5/3/2014,83,0
5/3/2014,0,0
5/3/2014,58,0
5/3/2014,7.9,0
5/3/2014,0,0
5/3/2014,0,0
5/3/2014,101,0
5/3/2014,147,0
5/4/2014,176,0
5/4/2014,136,0
5/4/2014,321,0
5/4/2014,29,0
5/4/2014,0,0
5/4/2014,0,0
5/4/2014,126,0
5/4/2014,137,0
5/5/2014,59,0
5/5/2014,201,0
5/5/2014,527,0
5/5/2014,58,0
5/5/2014,0,0
5/5/2014,19,0
5/5/2014,176,0
5/6/2014,63,0
5/6/2014,88,0
5/6/2014,29,0
5/6/2014,7.9,0
5/6/2014,0,0
5/6/2014,19,0
5/6/2014,146,0
5/6/2014,206,0
5/7/2014,39,0
5/7/2014,189,0
5/7/2014,0,0
5/7/2014,0,0
5/7/2014,0,0
5/7/2014,0,0
5/7/2014,176,0
5/8/2014,88,0
5/8/2014,131,0
5/8/2014,107,0
5/8/2014,39,0
5/8/2014,7.9,0
5/8/2014,0,0
5/8/2014,57,0
5/8/2014,186,0
5/9/2014,29,0
5/9/2014,0,0
5/9/2014,210,0
5/9/2014,39,0
5/9/2014,0,0
5/9/2014,0,0
5/9/2014,88,0
5/10/2014,88,0
5/10/2014,0,0
5/10/2014,175,0
5/10/2014,0,0
5/10/2014,29,0
5/10/2014,0,0
5/10/2014,0,0
5/10/2014,186,0
5/10/2014,0,0
5/10/2014,137,0
5/11/2014,78,0
5/11/2014,126,0
5/11/2014,400,0
5/11/2014,29,0
5/11/2014,7.9,0
5/11/2014,0,0
5/11/2014,0,0
5/11/2014,76,0
5/11/2014,98,0
5/12/2014,0,0
5/12/2014,151,0
5/12/2014,151,0
5/12/2014,29,0
5/12/2014,7.9,0
5/12/2014,0,0
5/12/2014,0,0
5/12/2014,215,0
5/13/2014,127,0
5/13/2014,88,0
5/13/2014,127,0
5/13/2014,0,0
5/13/2014,19,0
5/13/2014,191,0
5/13/2014,157,0
5/14/2014,63,0
5/14/2014,224,0
5/14/2014,88,0
5/14/2014,0,0
5/14/2014,0,0
5/14/2014,0,0
5/14/2014,49,0
5/15/2014,63,0
5/15/2014,141,0
5/15/2014,175,0
5/15/2014,29,0
5/15/2014,7.9,0
5/15/2014,0,0
5/15/2014,19,0
5/15/2014,117,0
5/16/2014,181,0
5/16/2014,949,0
5/16/2014,224,0
5/16/2014,78,0
5/16/2014,0,0
5/16/2014,38,0
5/16/2014,0,0
5/16/2014,39,0
5/17/2014,148,0
5/17/2014,136,0
5/17/2014,73,0
5/17/2014,0,0
5/17/2014,0,0
5/17/2014,0,0
5/17/2014,156,0
5/17/2014,147,0
5/18/2014,137,0
5/18/2014,136,0
5/18/2014,196,0
5/18/2014,0,0
5/18/2014,29,0
5/18/2014,0,0
5/18/2014,86,0
5/18/2014,176,0
5/19/2014,98,0
5/19/2014,0,0
5/19/2014,88,0
5/19/2014,141,0
5/19/2014,0,0
5/19/2014,0,0
5/19/2014,19,0
5/19/2014,151,0
5/19/2014,127,0
5/20/2014,63,0
5/20/2014,332,0
5/20/2014,39,0
5/20/2014,0,0
5/20/2014,19,0
5/20/2014,116,0
5/20/2014,117,0
5/21/2014,0,0
5/21/2014,204,0
5/21/2014,58,0
5/21/2014,0,0
5/21/2014,0,0
5/21/2014,57,0
5/21/2014,147,0
5/22/2014,161,0
5/22/2014,186,0
5/22/2014,165,0
5/22/2014,29,0
5/22/2014,29,0
5/22/2014,19,0
5/22/2014,196,0
5/23/2014,0,0
5/23/2014,98,0
5/23/2014,0,0
5/23/2014,0,0
5/23/2014,19,0
5/23/2014,117,0
5/24/2014,44,0
5/24/2014,0,0
5/24/2014,107,0
5/24/2014,29,0
5/24/2014,7.9,0
5/24/2014,0,0
5/24/2014,0,0
5/24/2014,116,0
5/24/2014,137,0
5/25/2014,107,0
5/25/2014,171,0
5/25/2014,312,0
5/25/2014,0,0
5/25/2014,7.9,0
5/25/2014,0,0
5/25/2014,0,0
5/25/2014,91,0
5/25/2014,0,0
5/26/2014,107,0
5/26/2014,181,0
5/26/2014,200,0
5/26/2014,0,0
5/26/2014,0,0
5/26/2014,19,0
5/26/2014,166,0
5/27/2014,59,0
5/27/2014,151,0
5/27/2014,68,0
5/27/2014,7.9,0
5/27/2014,0,0
5/27/2014,76,0
5/27/2014,111,0
5/27/2014,245,0
5/28/2014,167,0
5/28/2014,283,0
5/28/2014,29,0
5/28/2014,0,0
5/28/2014,0,0
5/28/2014,38,0
5/28/2014,78,0
5/29/2014,107,0
5/29/2014,166,0
5/29/2014,316,0
5/29/2014,0,0
5/29/2014,29,0
5/29/2014,0,0
5/29/2014,147,0
5/30/2014,98,0
5/30/2014,360,0
5/30/2014,39,0
5/30/2014,0,0
5/30/2014,0,0
5/30/2014,108,0
5/31/2014,0,0
5/31/2014,0,0
5/31/2014,327,0
5/31/2014,39,0
5/31/2014,0,0
5/31/2014,19,0
5/31/2014,251,0
5/31/2014,49,0
6/1/2014,0,0
6/1/2014,91,0
6/1/2014,254,0
6/1/2014,0,0
6/1/2014,7.9,0
6/1/2014,0,0
6/1/2014,38,0
6/1/2014,91,0
6/1/2014,264,0
6/2/2014,39,0
6/2/2014,161,0
6/2/2014,136,0
6/2/2014,98,0
6/2/2014,7.9,0
6/2/2014,0,0
6/2/2014,38,0
6/2/2014,176,0
6/3/2014,127,0
6/3/2014,225,0
6/3/2014,0,0
6/3/2014,29,0
6/3/2014,19,0
6/3/2014,151,0
6/3/2014,88,0
6/4/2014,131,2.2
6/4/2014,206,5.3
6/4/2014,39,1.4
6/4/2014,7.9,0.7
6/4/2014,0,0
6/4/2014,19,1.2
6/4/2014,49,5.2
6/5/2014,59,14.6
6/5/2014,196,0
6/5/2014,249,32.3
6/5/2014,0,2.9
6/5/2014,0,0.4
6/5/2014,19,2.4
6/5/2014,88,17.5
6/6/2014,102,13.4
6/6/2014,91,27.6
6/6/2014,0,1.8
6/6/2014,0,0.4
6/6/2014,19,1.2
6/6/2014,39,11.9
6/7/2014,0,0
6/7/2014,0,0
6/7/2014,0,0
6/7/2014,68,0
6/7/2014,0,0
6/7/2014,0,0
6/7/2014,0,0
6/7/2014,0,0
6/7/2014,126,0
6/7/2014,49,0
6/8/2014,205,0
6/8/2014,146,0
6/8/2014,244,0
6/8/2014,0,0
6/8/2014,7.9,0
6/8/2014,0,0
6/8/2014,19,0
6/8/2014,211,0
6/8/2014,117,0
6/9/2014,0,0
6/9/2014,196,0
6/9/2014,370,0
6/9/2014,0,0
6/9/2014,29,0
6/9/2014,0,0
6/9/2014,157,0
6/10/2014,29,0
6/10/2014,122,0
6/10/2014,59,0
6/10/2014,7.9,0
6/10/2014,0,0
6/10/2014,38,0
6/10/2014,121,0
6/10/2014,78,0
6/11/2014,63,0
6/11/2014,136,0
6/11/2014,29,0
6/11/2014,0,0
6/11/2014,0,0
6/11/2014,0,0
6/11/2014,0,0
6/12/2014,29,0
6/12/2014,136,0
6/12/2014,83,0
6/12/2014,58,0
6/12/2014,0,0
6/12/2014,19,0
6/12/2014,0,0
6/13/2014,68,0
6/13/2014,88,0
6/13/2014,0,0
6/13/2014,0,0
6/13/2014,0,0
6/13/2014,0,0
6/14/2014,0,0
6/14/2014,175,0
6/14/2014,0,0
6/14/2014,0,0
6/14/2014,0,0
6/14/2014,151,0
6/14/2014,49,0
6/15/2014,0,0
6/15/2014,121,0
6/15/2014,118,0
6/15/2014,88,0
6/15/2014,7.9,0
6/15/2014,29,0
6/15/2014,0,0
6/15/2014,116,0
6/15/2014,127,0
6/16/2014,78,0
6/16/2014,111,0
6/16/2014,220,0
6/16/2014,39,0
6/16/2014,0,0
6/16/2014,38,0
6/16/2014,39,0
6/17/2014,0,0
6/17/2014,88,0
6/17/2014,29,0
6/17/2014,7.9,0
6/17/2014,0,0
6/17/2014,38,0
6/17/2014,111,0
6/17/2014,176,0
6/18/2014,78,0
6/18/2014,136,0
6/18/2014,88,0
6/18/2014,0,0
6/18/2014,0,0
6/18/2014,38,0
6/18/2014,166,0
6/19/2014,0,0
6/19/2014,171,0
6/19/2014,141,0
6/19/2014,0,0
6/19/2014,0,0
6/19/2014,19,0
6/19/2014,0,0
6/20/2014,0,0
6/20/2014,224,0
6/20/2014,0,0
6/20/2014,0,0
6/20/2014,38,0
6/20/2014,40,0
6/21/2014,0,0
6/21/2014,68,0
6/21/2014,0,0
6/21/2014,0,0
6/21/2014,0,0
6/21/2014,0,0
6/21/2014,131,0
6/21/2014,98,0
6/22/2014,34,0
6/22/2014,101,0
6/22/2014,287,0
6/22/2014,0,0
6/22/2014,0,0
6/22/2014,0,0
6/22/2014,106,0
6/22/2014,59,0
6/23/2014,63,0
6/23/2014,161,0
6/23/2014,137,0
6/23/2014,59,0
6/23/2014,0,0
6/23/2014,19,0
6/23/2014,166,0
6/24/2014,88,0
6/24/2014,297,0
6/24/2014,68,0
6/24/2014,0,0
6/24/2014,38,0
6/24/2014,121,0
6/24/2014,78,0
6/25/2014,0,0
6/25/2014,234,0
6/25/2014,0,0
6/25/2014,0,0
6/25/2014,0,0
6/25/2014,0,0
6/25/2014,137,0
6/26/2014,63,0
6/26/2014,166,0
6/26/2014,166,0
6/26/2014,63,0
6/26/2014,0,0
6/26/2014,0,0
6/26/2014,117,0
6/27/2014,98,0
6/27/2014,0,0
6/27/2014,136,0
6/27/2014,39,0
6/27/2014,0,0
6/27/2014,0,0
6/27/2014,0,0
6/28/2014,88,0
6/28/2014,53,0
6/28/2014,0,0
6/28/2014,29,0
6/28/2014,0,0
6/28/2014,151,0
6/28/2014,68,0
6/29/2014,102,0
6/29/2014,96,0
6/29/2014,324,0
6/29/2014,0,0
6/29/2014,15.8,0
6/29/2014,0,0
6/29/2014,38,0
6/29/2014,81,0
6/29/2014,0,0
6/30/2014,29,0
6/30/2014,111,0
6/30/2014,166,0
6/30/2014,59,0
6/30/2014,0,0
6/30/2014,19,0
6/30/2014,98,0
7/1/2014,78,0
7/1/2014,142,0
7/1/2014,0,0
7/1/2014,29,0
7/1/2014,38,0
7/1/2014,116,0
7/1/2014,171,0
7/2/2014,68,0
7/2/2014,128,0
7/2/2014,0,0
7/2/2014,0,0
7/2/2014,0,0
7/2/2014,0,0
7/2/2014,96,0
7/2/2014,29,0
7/3/2014,108,0
7/3/2014,111,0
7/3/2014,205,0
7/3/2014,39,0
7/3/2014,0,0
7/3/2014,19,0
7/3/2014,78,0
7/4/2014,107,0
7/4/2014,146,0
7/4/2014,68,0
7/4/2014,0,0
7/4/2014,19,0
7/4/2014,49,0
7/5/2014,118,0
7/5/2014,248,0
7/5/2014,68,0
7/5/2014,15.8,0
7/5/2014,0,0
7/5/2014,19,0
7/5/2014,91,0
7/5/2014,117,0
7/6/2014,99,0
7/6/2014,146,0
7/6/2014,297,0
7/6/2014,29,0
7/6/2014,0,0
7/6/2014,0,0
7/6/2014,76,0
7/6/2014,176,0
7/7/2014,34,0
7/7/2014,111,0
7/7/2014,146,0
7/7/2014,29,0
7/7/2014,0,0
7/7/2014,0,0
7/7/2014,107,0
7/8/2014,0,0
7/8/2014,293,0
7/8/2014,29,0
7/8/2014,0,0
7/8/2014,19,0
7/8/2014,0,0
7/8/2014,264,0
7/9/2014,0,0
7/9/2014,0,0
7/9/2014,0,0
7/9/2014,0,0
7/9/2014,0,0
7/9/2014,88,0
7/9/2014,0,0
7/9/2014,34,0
7/9/2014,0,0
7/9/2014,0,0
7/9/2014,0,0
7/9/2014,106,0
7/9/2014,0,0
7/9/2014,146,0
7/10/2014,0,0
7/10/2014,332,0
7/10/2014,0,0
7/10/2014,0,0
7/10/2014,101,0
7/10/2014,78,0
7/10/2014,302,0
7/10/2014,0,0
7/10/2014,29,0
7/10/2014,7.9,0
7/10/2014,29,0
7/10/2014,0,0
7/10/2014,0,0
7/10/2014,225,0
7/11/2014,118,0
7/11/2014,0,0
7/11/2014,58,0
7/11/2014,88,0
7/11/2014,87,0
7/11/2014,0,0
7/11/2014,0,0
7/11/2014,0,0
7/11/2014,19,0
7/11/2014,117,0
7/11/2014,0,0
7/12/2014,97,0
7/12/2014,0,0
7/12/2014,58,0
7/12/2014,0,0
7/12/2014,68,0
7/12/2014,19,0
7/12/2014,59,0
7/12/2014,39,0
7/12/2014,0,0
7/12/2014,0,0
7/12/2014,0,0
7/12/2014,39,0
7/12/2014,0,0
7/13/2014,0,0
7/13/2014,190,0
7/13/2014,0,0
7/13/2014,29,0
7/13/2014,116,0
7/13/2014,0,0
7/13/2014,63,0
7/13/2014,0,0
7/13/2014,0,0
7/13/2014,7.9,0
7/13/2014,0,0
7/13/2014,57,0
7/13/2014,212,0
7/13/2014,0,0
7/13/2014,49,0
7/14/2014,30,0
7/14/2014,39,0
7/14/2014,29,0
7/14/2014,151,0
7/14/2014,0,0
7/14/2014,214,0
7/14/2014,29,0
7/14/2014,0,0
7/14/2014,19,0
7/14/2014,0,0
7/14/2014,166,0
7/15/2014,29,0
7/15/2014,87,0
7/15/2014,58,0
7/15/2014,0,0
7/15/2014,243,0
7/15/2014,0,0
7/15/2014,7.9,0
7/15/2014,0,0
7/15/2014,0,0
7/15/2014,266,0
7/15/2014,0,0
7/15/2014,156,0
7/16/2014,29,0
7/16/2014,29,0
7/16/2014,29,0
7/16/2014,0,0
7/16/2014,49,0
7/16/2014,234,0
7/16/2014,0,0
7/16/2014,7.9,0
7/16/2014,0,0
7/16/2014,0,0
7/16/2014,99,0
7/16/2014,39,0
7/17/2014,0,0
7/17/2014,87,0
7/17/2014,0,0
7/17/2014,297,0
7/17/2014,0,0
7/17/2014,186,0
7/17/2014,0,0
7/17/2014,0,0
7/17/2014,0,0
7/17/2014,0,0
7/17/2014,0,0
7/18/2014,0,0
7/18/2014,0,0
7/18/2014,0,0
7/18/2014,0,0
7/18/2014,39,0
7/18/2014,0,0
7/18/2014,0,0
7/18/2014,0,0
7/18/2014,0,0
7/18/2014,58,0
7/19/2014,0,0
7/19/2014,97,0
7/19/2014,0,0
7/19/2014,59,0
7/19/2014,127,0
7/19/2014,29,0
7/19/2014,7.9,0
7/19/2014,0,0
7/19/2014,0,0
7/19/2014,96,0
7/19/2014,0,0
7/19/2014,39,0
7/20/2014,0,0
7/20/2014,88,0
7/20/2014,29,0
7/20/2014,96,0
7/20/2014,0,0
7/20/2014,243,0
7/20/2014,0,0
7/20/2014,29,0
7/20/2014,38,0
7/20/2014,96,0
7/20/2014,228,0
7/20/2014,176,0
7/21/2014,0,0
7/21/2014,97,0
7/21/2014,29,0
7/21/2014,166,0
7/21/2014,0,0
7/21/2014,333,0
7/21/2014,0,0
7/21/2014,0,0
7/21/2014,0,0
7/21/2014,0,0
7/21/2014,49,0
7/22/2014,0,0
7/22/2014,97,0
7/22/2014,0,0
7/22/2014,0,0
7/22/2014,29,0
7/22/2014,93,0
7/22/2014,29,0
7/22/2014,19,0
7/22/2014,76,0
7/22/2014,0,0
7/22/2014,156,0
7/23/2014,0,0
7/23/2014,0,0
7/23/2014,58,0
7/23/2014,0,0
7/23/2014,87,0
7/23/2014,0,0
7/23/2014,0,0
7/23/2014,0,0
7/23/2014,0,0
7/23/2014,198,0
7/23/2014,88,0
7/24/2014,107,0
7/24/2014,59,0
7/24/2014,29,0
7/24/2014,141,0
7/24/2014,0,0
7/24/2014,185,0
7/24/2014,29,0
7/24/2014,29,0
7/24/2014,19,0
7/24/2014,99,0
7/24/2014,58,0
7/25/2014,0,0
7/25/2014,102,0
7/25/2014,29,0
7/25/2014,0,0
7/25/2014,68,0
7/25/2014,59,0
7/25/2014,0,0
7/25/2014,38,0
7/25/2014,0,0
7/25/2014,68,0
7/26/2014,0,0
7/26/2014,122,0
7/26/2014,29,0
7/26/2014,0,0
7/26/2014,39,0
7/26/2014,0,0
7/26/2014,0,0
7/26/2014,19,0
7/26/2014,86,0
7/26/2014,0,0
7/26/2014,78,0
7/27/2014,78,0
7/27/2014,0,0
7/27/2014,0,0
7/27/2014,136,0
7/27/2014,0,0
7/27/2014,219,0
7/27/2014,29,0
7/27/2014,7.9,0
7/27/2014,0,0
7/27/2014,19,0
7/27/2014,66,0
7/27/2014,0,0
7/27/2014,39,0
7/28/2014,0,0
7/28/2014,59,0
7/28/2014,29,0
7/28/2014,212,0
7/28/2014,0,0
7/28/2014,127,0
7/28/2014,68,0
7/28/2014,0,0
7/28/2014,0,0
7/28/2014,0,0
7/28/2014,0,0
7/29/2014,0,0
7/29/2014,29,0
7/29/2014,0,0
7/29/2014,0,0
7/29/2014,88,0
7/29/2014,39,0
7/29/2014,0,0
7/29/2014,57,0
7/29/2014,126,0
7/29/2014,0,0
7/29/2014,0,0
7/30/2014,0,0
7/30/2014,59,0
7/30/2014,0,0
7/30/2014,0,0
7/30/2014,107,0
7/30/2014,29,0
7/30/2014,0,0
7/30/2014,0,0
7/30/2014,0,0
7/30/2014,0,0
7/30/2014,58,0
7/31/2014,29,0
7/31/2014,29,0
7/31/2014,0,0
7/31/2014,196,0
7/31/2014,0,0
7/31/2014,39,0
7/31/2014,0,0
7/31/2014,15.8,0
7/31/2014,29,0
7/31/2014,0,0
7/31/2014,0,0
7/31/2014,186,0
8/1/2014,0,0
8/1/2014,0,0
8/1/2014,0,0
8/1/2014,0,0
8/1/2014,107,0
8/1/2014,29,0
8/1/2014,7.9,0
8/1/2014,0,0
8/1/2014,0,0
8/1/2014,257,0
8/1/2014,29,0
8/2/2014,0,0
8/2/2014,0,0
8/2/2014,29,0
8/2/2014,0,0
8/2/2014,34,0
8/2/2014,0,0
8/2/2014,0,0
8/2/2014,0,0
8/2/2014,126,0
8/2/2014,0,0
8/2/2014,68,0
8/3/2014,0,0
8/3/2014,146,0
8/3/2014,0,0
8/3/2014,206,0
8/3/2014,0,0
8/3/2014,326,0
8/3/2014,29,0
8/3/2014,29,0
8/3/2014,0,0
8/3/2014,182,0
8/3/2014,0,0
8/3/2014,0,0
8/4/2014,0,0
8/4/2014,0,0
8/4/2014,0,0
8/4/2014,126,0
8/4/2014,0,0
8/4/2014,166,0
8/4/2014,68,0
8/4/2014,29,0
8/4/2014,0,0
8/4/2014,0,0
8/4/2014,0,0
8/5/2014,0,0
8/5/2014,0,0
8/5/2014,29,0
8/5/2014,0,0
8/5/2014,136,0
8/5/2014,0,0
8/5/2014,0,0
8/5/2014,0,0
8/5/2014,116,0
8/5/2014,0,0
8/5/2014,98,0
8/6/2014,49,0
8/6/2014,39,0
8/6/2014,58,0
8/6/2014,0,0
8/6/2014,331,0
8/6/2014,58,0
8/6/2014,0,0
8/6/2014,0,0
8/6/2014,0,0
8/6/2014,0,0
8/6/2014,205,0
8/7/2014,0,0
8/7/2014,157,0
8/7/2014,58,0
8/7/2014,86,0
8/7/2014,0,0
8/7/2014,176,0
8/7/2014,157,0
8/7/2014,0,0
8/7/2014,38,0
8/7/2014,0,0
8/7/2014,49,0
8/8/2014,0,0
8/8/2014,98,0
8/8/2014,58,0
8/8/2014,0,0
8/8/2014,58,0
8/8/2014,0,0
8/8/2014,0,0
8/8/2014,57,0
8/8/2014,0,0
8/8/2014,97,0
8/9/2014,0,0
8/9/2014,0,0
8/9/2014,0,0
8/9/2014,0,0
8/9/2014,166,0
8/9/2014,0,0
8/9/2014,0,0
8/9/2014,7.9,0
8/9/2014,0,0
8/9/2014,76,0
8/9/2014,116,0
8/9/2014,0,0
8/9/2014,78,0
8/10/2014,0,0
8/10/2014,73,0
8/10/2014,29,0
8/10/2014,101,0
8/10/2014,0,0
8/10/2014,87,0
8/10/2014,0,0
8/10/2014,0,0
8/10/2014,7.9,0
8/10/2014,0,0
8/10/2014,38,0
8/10/2014,76,0
8/10/2014,0,0
8/10/2014,0,0
8/11/2014,119,0
8/11/2014,0,0
8/11/2014,0,0
8/11/2014,201,0
8/11/2014,0,0
8/11/2014,92,0
8/11/2014,0,0
8/11/2014,59,0
8/11/2014,0,0
8/11/2014,19,0
8/11/2014,0,0
8/11/2014,0,0
8/12/2014,0,0
8/12/2014,59,0
8/12/2014,58,0
8/12/2014,0,0
8/12/2014,322,0
8/12/2014,99,0
8/12/2014,0,0
8/12/2014,7.9,0
8/12/2014,0,0
8/12/2014,0,0
8/12/2014,197,0
8/12/2014,0,0
8/12/2014,78,0
8/13/2014,0,0
8/13/2014,39,0
8/13/2014,0,0
8/13/2014,0,0
8/13/2014,49,0
8/13/2014,0,0
8/13/2014,39,0
8/13/2014,0,0
8/13/2014,29,0
8/13/2014,0,0
8/13/2014,0,0
8/13/2014,49,0
8/14/2014,0,0
8/14/2014,0,0
8/14/2014,0,0
8/14/2014,121,0
8/14/2014,0,0
8/14/2014,49,0
8/14/2014,0,0
8/14/2014,39,0
8/14/2014,0,0
8/14/2014,0,0
8/14/2014,0,0
8/14/2014,39,0
8/15/2014,0,0
8/15/2014,98,0
8/15/2014,0,0
8/15/2014,0,0
8/15/2014,136,0
8/15/2014,0,0
8/15/2014,97,0
8/15/2014,7.9,0
8/15/2014,0,0
8/15/2014,0,0
8/15/2014,0,0
8/15/2014,0,0
8/16/2014,0,0
8/16/2014,0,0
8/16/2014,0,0
8/16/2014,0,0
8/16/2014,214,0
8/16/2014,0,0
8/16/2014,0,0
8/16/2014,58,0
8/16/2014,0,0
8/16/2014,146,0
8/16/2014,0,0
8/16/2014,29,0
8/17/2014,0,0
8/17/2014,63,0
8/17/2014,29,0
8/17/2014,121,0
8/17/2014,0,0
8/17/2014,161,0
8/17/2014,0,0
8/17/2014,29,0
8/17/2014,0,0
8/17/2014,0,0
8/17/2014,111,0
8/17/2014,0,0
8/17/2014,126,0
8/18/2014,0,0
8/18/2014,93,0
8/18/2014,0,0
8/18/2014,111,0
8/18/2014,0,0
8/18/2014,58,0
8/18/2014,0,0
8/18/2014,59,0
8/18/2014,0,0
8/18/2014,0,0
8/18/2014,0,0
8/18/2014,0,0
8/19/2014,119,0
8/19/2014,0,0
8/19/2014,0,0
8/19/2014,0,0
8/19/2014,150,0
8/19/2014,0,0
8/19/2014,29,0
8/19/2014,0,0
8/19/2014,0,0
8/19/2014,96,0
8/19/2014,0,0
8/19/2014,0,0
8/20/2014,119,0
8/20/2014,59,0
8/20/2014,29,0
8/20/2014,0,0
8/20/2014,77,0
8/20/2014,0,0
8/20/2014,0,0
8/20/2014,0,0
8/20/2014,0,0
8/20/2014,0,0
8/20/2014,0,0
8/20/2014,0,0
8/21/2014,0,0
8/21/2014,0,0
8/21/2014,0,0
8/21/2014,101,0
8/21/2014,0,0
8/21/2014,176,0
8/21/2014,0,0
8/21/2014,0,0
8/21/2014,15.8,0
8/21/2014,0,0
8/21/2014,95,0
8/21/2014,0,0
8/21/2014,148,0
8/22/2014,0,0
8/22/2014,0,0
8/22/2014,0,0
8/22/2014,0,0
8/22/2014,176,0
8/22/2014,0,0
8/22/2014,0,0
8/22/2014,0,0
8/22/2014,19,0
8/22/2014,0,0
8/22/2014,195,0
8/23/2014,238,0
8/23/2014,0,0
8/23/2014,0,0
8/23/2014,0,0
8/23/2014,185,0
8/23/2014,0,0
8/23/2014,0,0
8/23/2014,7.9,0
8/23/2014,0,0
8/23/2014,0,0
8/23/2014,271,0
8/23/2014,0,0
8/23/2014,49,0
8/24/2014,238,0
8/24/2014,0,0
8/24/2014,29,0
8/24/2014,101,0.05
8/24/2014,0,0
8/24/2014,97,0
8/24/2014,99,0
8/24/2014,0,0
8/24/2014,0,0
8/24/2014,19,0
8/24/2014,166,0
8/24/2014,0,0
8/24/2014,29,0
8/25/2014,228,0
8/25/2014,34,0
8/25/2014,0,0
8/25/2014,166,0.05
8/25/2014,159,0
8/25/2014,19,0
8/25/2014,0,0
8/25/2014,93,0
8/25/2014,0,0
8/25/2014,0,0
8/25/2014,0,0
8/25/2014,29,0
8/26/2014,0,0
8/26/2014,0,0
8/26/2014,0,0
8/26/2014,0,0
8/26/2014,215,0
8/26/2014,0,0
8/26/2014,0,0
8/26/2014,7.9,0
8/26/2014,0,0
8/26/2014,0,0
8/26/2014,256,0.05
8/26/2014,0,0
8/26/2014,0,0
8/27/2014,0,0
8/27/2014,136,0
8/27/2014,29,0
8/27/2014,0,0
8/27/2014,58,0
8/27/2014,0,0
8/27/2014,34,0
8/27/2014,0,0
8/27/2014,0,0
8/27/2014,0,0
8/27/2014,0,0
8/27/2014,88,0
8/28/2014,437,0
8/28/2014,39,0
8/28/2014,0,0
8/28/2014,86,0.05
8/28/2014,0,0
8/28/2014,88,0
8/28/2014,0,0
8/28/2014,0,0
8/28/2014,0,0
8/28/2014,19,0
8/28/2014,0,0
8/28/2014,29,0
8/29/2014,119,0
8/29/2014,0,0
8/29/2014,0,0
8/29/2014,0,0
8/29/2014,0,0
8/29/2014,0,0
8/29/2014,0,0
8/29/2014,0,0
8/29/2014,19,0
8/29/2014,0,0
8/29/2014,58,0
8/30/2014,119,0
8/30/2014,29,0
8/30/2014,0,0
8/30/2014,119,0
8/30/2014,78,0
8/30/2014,0,0
8/30/2014,59,0
8/30/2014,7.9,0
8/30/2014,0,0
8/30/2014,38,0
8/30/2014,76,0.05
8/30/2014,0,0
8/30/2014,68,0
8/31/2014,278,0
8/31/2014,58,0
8/31/2014,0,0
8/31/2014,106,0.05
8/31/2014,59,0
8/31/2014,107,0
8/31/2014,0,0
8/31/2014,102,0
8/31/2014,0,0
8/31/2014,0,0
8/31/2014,126,0.05
8/31/2014,0,0
8/31/2014,49,0
9/1/2014,0,0
9/1/2014,29,0
9/1/2014,29,0
9/1/2014,206,0
9/1/2014,159,0
9/1/2014,283,0
9/1/2014,0,0
9/1/2014,0,0
9/1/2014,7.9,0
9/1/2014,0,0
9/1/2014,38,0
9/1/2014,0,0
9/1/2014,108,0
9/2/2014,119,0
9/2/2014,29,0
9/2/2014,0,0
9/2/2014,116,0
9/2/2014,298,0
9/2/2014,146,0
9/2/2014,0,0
9/2/2014,0,0
9/2/2014,0,0
9/2/2014,0,0
9/2/2014,181,0
9/2/2014,0,0
9/2/2014,137,0
9/3/2014,0,0
9/3/2014,63,0
9/3/2014,0,0
9/3/2014,278,0
9/3/2014,29,0
9/3/2014,0,0
9/3/2014,39,0
9/3/2014,0,0
9/3/2014,0,0
9/3/2014,0,0
9/3/2014,0,0
9/3/2014,29,0
9/4/2014,0,0
9/4/2014,59,0
9/4/2014,58,0
9/4/2014,101,0
9/4/2014,99,0
9/4/2014,146,0
9/4/2014,99,0
9/4/2014,39,0
9/4/2014,0,0
9/4/2014,19,0
9/4/2014,0,0
9/4/2014,175,0
9/5/2014,159,0
9/5/2014,0,0
9/5/2014,0,0
9/5/2014,0,0
9/5/2014,48,0
9/5/2014,0,0
9/5/2014,126,0
9/5/2014,0,0
9/5/2014,0,0
9/5/2014,0,0
9/5/2014,0,0
9/5/2014,78,0
9/6/2014,139,0
9/6/2014,58,0
9/6/2014,29,0
9/6/2014,0,0
9/6/2014,176,0
9/6/2014,0,0
9/6/2014,39,0
9/6/2014,0,0
9/6/2014,0,0
9/6/2014,19,0
9/6/2014,151,0
9/6/2014,0,0
9/6/2014,195,0
9/7/2014,0,0
9/7/2014,0,0
9/7/2014,0,0
9/7/2014,106,0
9/7/2014,0,0
9/7/2014,98,0
9/7/2014,0,0
9/7/2014,0,0
9/7/2014,0,0
9/7/2014,0,0
9/7/2014,0,0
9/7/2014,111,0
9/7/2014,0,0
9/7/2014,195,0
9/8/2014,0,0
9/8/2014,0,0
9/8/2014,0,0
9/8/2014,161,0
9/8/2014,0,0
9/8/2014,92,0
9/8/2014,0,0
9/8/2014,98,0
9/8/2014,0,0
9/8/2014,0,0
9/8/2014,19,0
9/8/2014,86,0
9/8/2014,0,0
9/8/2014,49,0
9/9/2014,0,0
9/9/2014,0,0
9/9/2014,0,0
9/9/2014,0,0
9/9/2014,107,0
9/9/2014,0,0
9/9/2014,0,0
9/9/2014,0,0
9/9/2014,0,0
9/9/2014,0,0
9/9/2014,241,0
9/9/2014,0,0
9/9/2014,98,0
9/10/2014,0,0
9/10/2014,29,0
9/10/2014,0,0
9/10/2014,0,0
9/10/2014,117,0
9/10/2014,0,0
9/10/2014,0,0
9/10/2014,0,0
9/10/2014,0,0
9/10/2014,0,0
9/10/2014,0,0
9/10/2014,0,0
9/10/2014,108,0
9/11/2014,0,0
9/11/2014,88,0
9/11/2014,0,0
9/11/2014,136,0
9/11/2014,0,0
9/11/2014,0,0
9/11/2014,99,0
9/11/2014,78,0
9/11/2014,0,0
9/11/2014,0,0
9/11/2014,29,0
9/11/2014,38,0
9/11/2014,0,0
9/11/2014,0,0
9/12/2014,0,0
9/12/2014,34,0
9/12/2014,0,0
9/12/2014,0,0
9/12/2014,0,0
9/12/2014,68,0
9/12/2014,0,0
9/12/2014,0,0
9/12/2014,0,0
9/12/2014,0,0
9/12/2014,0,0
9/12/2014,0,0
9/12/2014,39,0
9/13/2014,0,0
9/13/2014,0,0
9/13/2014,29,0
9/13/2014,0,0
9/13/2014,102,0
9/13/2014,0,0
9/13/2014,59,0
9/13/2014,7.9,0
9/13/2014,0,0
9/13/2014,0,0
9/13/2014,38,0
9/13/2014,101,0
9/13/2014,59,0
9/13/2014,127,0
9/14/2014,0,0
9/14/2014,34,0
9/14/2014,0,0
9/14/2014,111,0
9/14/2014,0,0
9/14/2014,248,0
9/14/2014,0,0
9/14/2014,59,0
9/14/2014,0,0
9/14/2014,0,0
9/14/2014,19,0
9/14/2014,111,0
9/14/2014,0,0
9/14/2014,88,0
9/15/2014,139,0
9/15/2014,98,0
9/15/2014,29,0
9/15/2014,136,0
9/15/2014,59,0
9/15/2014,230,0
9/15/2014,0,0
9/15/2014,0,0
9/15/2014,0,0
9/15/2014,0,0
9/15/2014,0,0
9/15/2014,0,0
9/15/2014,0,0
9/15/2014,39,0
9/16/2014,0,0
9/16/2014,0,0
9/16/2014,0,0
9/16/2014,119,0
9/16/2014,146,0
9/16/2014,0,0
9/16/2014,0,0
9/16/2014,0,0
9/16/2014,0,0
9/16/2014,0,0
9/16/2014,121,0
9/16/2014,0,0
9/16/2014,166,0
9/17/2014,49,0
9/17/2014,127,0
9/17/2014,0,0
9/17/2014,0,0
9/17/2014,97,0
9/17/2014,0,0
9/17/2014,0,0
9/17/2014,0,0
9/17/2014,0,0
9/17/2014,0,0
9/17/2014,19,0
9/17/2014,0,0
9/17/2014,0,0
9/17/2014,0,0
9/18/2014,119,0
9/18/2014,59,0
9/18/2014,0,0
9/18/2014,101,0
9/18/2014,0,0
9/18/2014,49,0
9/18/2014,149,0
9/18/2014,0,0
9/18/2014,7.9,0
9/18/2014,0,0
9/18/2014,0,0
9/18/2014,0,0
9/18/2014,0,0
9/18/2014,0,0
9/19/2014,0,0
9/19/2014,39,0
9/19/2014,29,0
9/19/2014,0,0
9/19/2014,97,0
9/19/2014,99,0
9/19/2014,0,0
9/19/2014,7.9,0
9/19/2014,0,0
9/19/2014,0,0
9/19/2014,19,0
9/19/2014,0,0
9/19/2014,0,0
9/19/2014,0,0
9/20/2014,49,0
9/20/2014,132,0
9/20/2014,0,0
9/20/2014,0,0
9/20/2014,142,0
9/20/2014,0,0
9/20/2014,0,0
9/20/2014,7.9,0
9/20/2014,0,0
9/20/2014,0,0
9/20/2014,0,0
9/20/2014,96,0
9/20/2014,0,0
9/20/2014,117,0
9/21/2014,357,0
9/21/2014,215,0
9/21/2014,29,0
9/21/2014,161,0
9/21/2014,169,0
9/21/2014,272,0
9/21/2014,0,0
9/21/2014,0,0
9/21/2014,0,0
9/21/2014,29,0
9/21/2014,57,0
9/21/2014,126,0
9/21/2014,0,0
9/21/2014,78,0
9/22/2014,218,0
9/22/2014,132,0
9/22/2014,0,0
9/22/2014,166,0
9/22/2014,139,0
9/22/2014,224,0
9/22/2014,0,0
9/22/2014,0,0
9/22/2014,7.9,0
9/22/2014,0,0
9/22/2014,0,0
9/22/2014,38,0
9/22/2014,0,0
9/22/2014,137,0
9/23/2014,0,0
9/23/2014,59,0
9/23/2014,0,0
9/23/2014,166,0
9/23/2014,0,0
9/23/2014,235,0
9/23/2014,0,0
9/23/2014,0,0
9/23/2014,0,0
9/23/2014,0,0
9/23/2014,0,0
9/23/2014,327,0
9/23/2014,0,0
9/23/2014,186,0
9/24/2014,0,0
9/24/2014,0,0
9/24/2014,0,0
9/24/2014,0,0
9/24/2014,0,0
9/24/2014,99,0
9/24/2014,58,0
9/24/2014,0,0
9/24/2014,0,0
9/24/2014,0,0
9/24/2014,38,0
9/24/2014,0,0
9/24/2014,147,0
9/25/2014,0,0
9/25/2014,92,0
9/25/2014,0,0
9/25/2014,131,0.05
9/25/2014,0,0
9/25/2014,126,0
9/25/2014,0,0
9/25/2014,0,0
9/25/2014,7.9,0
9/25/2014,0,0
9/25/2014,29,0
9/25/2014,0,0
9/25/2014,0,0
9/25/2014,107,0
9/26/2014,49,0
9/26/2014,63,0
9/26/2014,0,0
9/26/2014,0,0
9/26/2014,88,0
9/26/2014,0,0
9/26/2014,0,0
9/26/2014,0,0
9/26/2014,0,0
9/26/2014,57,0
9/26/2014,0,0
9/26/2014,49,0
9/27/2014,0,0
9/27/2014,0,0
9/27/2014,0,0
9/27/2014,899,0
9/27/2014,0,0
9/27/2014,39,0
9/27/2014,0,0
9/27/2014,0,0
9/27/2014,0,0
9/27/2014,0,0
9/27/2014,38,0
9/27/2014,101,0.05
9/27/2014,0,0
9/27/2014,68,0
9/28/2014,139,0
9/28/2014,29,0
9/28/2014,0,0
9/28/2014,0,0.05
9/28/2014,0,0
9/28/2014,184,0
9/28/2014,0,0
9/28/2014,0,0
9/28/2014,0,0
9/28/2014,0,0
9/28/2014,19,0
9/28/2014,71,0.05
9/28/2014,0,0
9/28/2014,59,0
9/29/2014,0,0
9/29/2014,88,0
9/29/2014,0,0
9/29/2014,196,0.05
9/29/2014,0,0
9/29/2014,102,0
9/29/2014,0,0
9/29/2014,0,0
9/29/2014,0,0
9/29/2014,0,0
9/29/2014,19,0
9/29/2014,0,0
9/29/2014,29,0
9/30/2014,453,0
9/30/2014,127,0
9/30/2014,0,0
9/30/2014,99,0
9/30/2014,87,0
9/30/2014,0,0
9/30/2014,97,0
9/30/2014,0,0
9/30/2014,0,0
9/30/2014,19,0
9/30/2014,211,0.05
9/30/2014,0,0
9/30/2014,88,0
10/1/2014,119,0
10/1/2014,29,0
10/1/2014,0,0
10/1/2014,278,0
10/1/2014,78,0
10/1/2014,0,0
10/1/2014,59,0
10/1/2014,0,0
10/1/2014,0,0
10/1/2014,0,0
10/1/2014,0,0
10/1/2014,59,0
10/1/2014,29,0
10/2/2014,169,0
10/2/2014,118,0
10/2/2014,0,0
10/2/2014,111,0
10/2/2014,0,0
10/2/2014,78,0
10/2/2014,0,0
10/2/2014,39,0
10/2/2014,0,0
10/2/2014,0,0
10/2/2014,0,0
10/2/2014,0,0
10/2/2014,0,0
10/2/2014,68,0
10/3/2014,149,0
10/3/2014,0,0
10/3/2014,0,0
10/3/2014,0,0
10/3/2014,19,0
10/3/2014,0,0
10/3/2014,59,0
10/3/2014,0,0
10/3/2014,0,0
10/3/2014,19,0
10/3/2014,59,0
10/3/2014,39,0
10/4/2014,0,0
10/4/2014,59,0
10/4/2014,29,0
10/4/2014,169,0
10/4/2014,39,0
10/4/2014,0,0
10/4/2014,0,0
10/4/2014,0,0
10/4/2014,0,0
10/4/2014,0,0
10/4/2014,106,0
10/4/2014,0,0
10/4/2014,146,0
10/5/2014,0,0
10/5/2014,59,0
10/5/2014,0,0
10/5/2014,181,0
10/5/2014,0,0
10/5/2014,39,0
10/5/2014,219,0
10/5/2014,59,0
10/5/2014,0,0
10/5/2014,0,0
10/5/2014,0,0
10/5/2014,167,0
10/5/2014,0,0
10/5/2014,97,0
10/6/2014,0,0
10/6/2014,0,0
10/6/2014,0,0
10/6/2014,156,0
10/6/2014,169,0
10/6/2014,117,0
10/6/2014,0,0
10/6/2014,0,0
10/6/2014,0,0
10/6/2014,0,0
10/6/2014,19,0
10/6/2014,0,0
10/6/2014,0,0
10/7/2014,248,0
10/7/2014,29,0
10/7/2014,0,0
10/7/2014,0,0
10/7/2014,29,0
10/7/2014,0,0
10/7/2014,0,0
10/7/2014,0,0
10/7/2014,0,0
10/7/2014,0,0
10/7/2014,121,0
10/7/2014,0,0
10/7/2014,117,0
10/8/2014,0,0
10/8/2014,0,0
10/8/2014,29,0
10/8/2014,0,0
10/8/2014,29,0
10/8/2014,0,0
10/8/2014,0,0
10/8/2014,0,0
10/8/2014,0,0
10/8/2014,0,0
10/8/2014,0,0
10/8/2014,0,0
10/8/2014,88,0
10/9/2014,229,0
10/9/2014,63,0
10/9/2014,0,0
10/9/2014,96,0
10/9/2014,0,0
10/9/2014,39,0
10/9/2014,0,0
10/9/2014,0,0
10/9/2014,7.9,0
10/9/2014,0,0
10/9/2014,0,0
10/9/2014,0,0
10/9/2014,116,0
10/9/2014,0,0
10/9/2014,49,0
10/10/2014,119,0
10/10/2014,59,0
10/10/2014,0,0
10/10/2014,59,0
10/10/2014,107,0
10/10/2014,0,0
10/10/2014,0,0
10/10/2014,0,0
10/10/2014,0,0
10/10/2014,0,0
10/10/2014,0,0
10/10/2014,78,0
10/11/2014,258,0
10/11/2014,29,0
10/11/2014,0,0
10/11/2014,0,0
10/11/2014,59,0
10/11/2014,0,0
10/11/2014,78,0
10/11/2014,0,0
10/11/2014,0,0
10/11/2014,0,0
10/11/2014,121,0
10/11/2014,0,0
10/11/2014,127,0
10/12/2014,0,0
10/12/2014,0,0
10/12/2014,0,0
10/12/2014,101,0
10/12/2014,139,0
10/12/2014,195,0
10/12/2014,0,0
10/12/2014,0,0
10/12/2014,0,0
10/12/2014,0,0
10/12/2014,19,0
10/12/2014,136,0
10/12/2014,0,0
10/12/2014,225,0
10/13/2014,0,0
10/13/2014,0,0
10/13/2014,29,0
10/13/2014,191,0
10/13/2014,0,0
10/13/2014,39,0
10/13/2014,0,0
10/13/2014,29,0
10/13/2014,0,0
10/13/2014,0,0
10/13/2014,19,0
10/13/2014,0,0
10/13/2014,68,0
10/14/2014,0,0
10/14/2014,0,0
10/14/2014,0,0
10/14/2014,0,0
10/14/2014,29,0
10/14/2014,0,0
10/14/2014,0,0
10/14/2014,0,0
10/14/2014,0,0
10/14/2014,0,0
10/14/2014,161,0
10/14/2014,0,0
10/14/2014,107,0
10/15/2014,0,0
10/15/2014,0,0
10/15/2014,0,0
10/15/2014,0,0
10/15/2014,93,0
10/15/2014,99,0
10/15/2014,29,0
10/15/2014,0,0
10/15/2014,0,0
10/15/2014,0,0
10/15/2014,19,0
10/15/2014,0,0
10/15/2014,127,0
10/16/2014,0,0
10/16/2014,0,0
10/16/2014,0,0
10/16/2014,39,0
10/16/2014,0,0
10/16/2014,101,0
10/16/2014,0,0
10/16/2014,234,0
10/16/2014,0,0
10/16/2014,34,0
10/16/2014,0,0
10/16/2014,0,0
10/16/2014,38,0
10/16/2014,151,0
10/16/2014,0,0
10/16/2014,88,0
10/17/2014,119,0
10/17/2014,0,0
10/17/2014,0,0
10/17/2014,0,0
10/17/2014,29,0
10/17/2014,149,0
10/17/2014,0,0
10/17/2014,7.9,0
10/17/2014,0,0
10/17/2014,0,0
10/17/2014,0,0
10/17/2014,0,0
10/17/2014,78,0
10/18/2014,378,0
10/18/2014,39,0
10/18/2014,0,0
10/18/2014,0,0
10/18/2014,39,0
10/18/2014,0,0
10/18/2014,0,0
10/18/2014,0,0
10/18/2014,29,0
10/18/2014,0,0
10/18/2014,111,0
10/18/2014,0,0
10/18/2014,39,0
10/19/2014,139,0
10/19/2014,68,0
10/19/2014,29,0
10/19/2014,121,0
10/19/2014,0,0
10/19/2014,97,0
10/19/2014,0,0
10/19/2014,59,0
10/19/2014,0,0
10/19/2014,0,0
10/19/2014,19,0
10/19/2014,71,0
10/19/2014,0,0
10/19/2014,39,0
10/21/2014,0,0
10/21/2014,63,0
10/21/2014,29,0
10/21/2014,949,0
10/21/2014,59,0
10/21/2014,49,0
10/21/2014,0,0
10/21/2014,0,0
10/21/2014,0,0
10/21/2014,0,0
10/21/2014,0,0
10/21/2014,221,0
10/21/2014,0,0
10/21/2014,88,0
10/22/2014,0,0
10/22/2014,34,0
10/22/2014,0,0
10/22/2014,0,0
10/22/2014,29,0
10/22/2014,0,0
10/22/2014,58,0
10/22/2014,0,0
10/22/2014,0,0
10/22/2014,0,0
10/22/2014,0,0
10/22/2014,146,0
10/22/2014,0,0
10/22/2014,98,0
10/23/2014,0,0
10/23/2014,34,0
10/23/2014,0,0
10/23/2014,106,0
10/23/2014,0,0
10/23/2014,222,0
10/23/2014,0,0
10/23/2014,0,0
10/23/2014,0,0
10/23/2014,0,0
10/23/2014,38,0
10/23/2014,0,0
10/23/2014,98,0
10/24/2014,0,0
10/24/2014,0,0
10/24/2014,0,0
10/24/2014,0,0
10/24/2014,0,0
10/24/2014,0,0
10/24/2014,0,0
10/24/2014,0,0
10/24/2014,0,0
10/24/2014,0,0
10/24/2014,0,0
10/24/2014,0,0
10/25/2014,119,0
10/25/2014,0,0
10/25/2014,29,0
10/25/2014,0,0
10/25/2014,282,0
10/25/2014,149,0
10/25/2014,0,0
10/25/2014,0,0
10/25/2014,0,0
10/25/2014,38,0
10/25/2014,156,0.05
10/25/2014,0,0
10/25/2014,29,0
10/26/2014,0,0
10/26/2014,59,0
10/26/2014,0,0
10/26/2014,101,0.05
10/26/2014,119,0
10/26/2014,209,0
10/26/2014,149,0
10/26/2014,29,0
10/26/2014,0,0
10/26/2014,0,0
10/26/2014,38,0
10/26/2014,256,0.05
10/26/2014,0,0
10/26/2014,29,0
10/27/2014,0,0
10/27/2014,29,0
10/27/2014,0,0
10/27/2014,146,0.05
10/27/2014,139,0
10/27/2014,394,0
10/27/2014,0,0
10/27/2014,29,0
10/27/2014,0,0
10/27/2014,0,0
10/27/2014,19,0
10/27/2014,0,0
10/27/2014,58,0
10/28/2014,49,0
10/28/2014,34,0
10/28/2014,29,0
10/28/2014,141,0
10/28/2014,139,0
10/28/2014,58,0
10/28/2014,0,0
10/28/2014,59,0
10/28/2014,0,0
10/28/2014,0,0
10/28/2014,19,0
10/28/2014,121,0.05
10/28/2014,0,0
10/28/2014,117,0
10/29/2014,49,0
10/29/2014,29,0
10/29/2014,0,0
10/29/2014,169,0
10/29/2014,263,0
10/29/2014,0,0
10/29/2014,29,0
10/29/2014,0,0
10/29/2014,0,0
10/29/2014,0,0
10/29/2014,0,0
10/29/2014,0,0
10/29/2014,156,0
10/30/2014,169,0
10/30/2014,102,0
10/30/2014,29,0
10/30/2014,166,0.05
10/30/2014,0,0
10/30/2014,166,0
10/30/2014,0,0
10/30/2014,0,0
10/30/2014,7.9,0
10/30/2014,0,0
10/30/2014,0,0
10/30/2014,0,0
10/30/2014,949,0
10/30/2014,0,0
10/30/2014,0,0
10/31/2014,149,0
10/31/2014,39,0
10/31/2014,0,0
10/31/2014,161,0
10/31/2014,0,0
10/31/2014,146,0
10/31/2014,0,0
10/31/2014,0,0
10/31/2014,0,0
10/31/2014,58,0
10/31/2014,0,0
10/31/2014,0,0
10/31/2014,156,0
11/1/2014,169,0
11/1/2014,34,0
11/1/2014,0,0
11/1/2014,0,0
11/1/2014,164,0
11/1/2014,0,0
11/1/2014,0,0
11/1/2014,0,0
11/1/2014,0,0
11/1/2014,38,0
11/1/2014,121,0
11/1/2014,0,0
11/1/2014,78,0
11/2/2014,0,0
11/2/2014,68,0
11/2/2014,0,0
11/2/2014,201,0
11/2/2014,0,0
11/2/2014,117,0
11/2/2014,0,0
11/2/2014,0,0
11/2/2014,0,0
11/2/2014,0,0
11/2/2014,0,0
11/2/2014,0,0
11/2/2014,0,0
11/2/2014,0,0
11/3/2014,0,0
11/3/2014,58,0
11/3/2014,0,0
11/3/2014,201,0
11/3/2014,0,0
11/3/2014,58,0
11/3/2014,0,0
11/3/2014,59,0
11/3/2014,0,0
11/3/2014,0,0
11/3/2014,19,0
11/3/2014,0,0
11/3/2014,98,0
11/4/2014,0,0
11/4/2014,0,0
11/4/2014,29,0
11/4/2014,0,0
11/4/2014,112,0
11/4/2014,0,0
11/4/2014,0,0
11/4/2014,7.9,0
11/4/2014,0,0
11/4/2014,0,0
11/4/2014,0,0
11/4/2014,166,0
11/4/2014,0,0
11/4/2014,98,0
11/5/2014,119,0
11/5/2014,0,0
11/5/2014,0,0
11/5/2014,0,0
11/5/2014,169,0
11/5/2014,112,0
11/5/2014,0,0
11/5/2014,118,0
11/5/2014,0,0
11/5/2014,0,0
11/5/2014,29,0
11/5/2014,19,0
11/5/2014,0,0
11/5/2014,107,0
11/7/2014,49,0
11/7/2014,59,0
11/7/2014,0,0
11/7/2014,0,0
11/7/2014,97,0
11/7/2014,0,0
11/7/2014,0,0
11/7/2014,0,0
11/7/2014,0,0
11/7/2014,0,0
11/7/2014,0,0
11/7/2014,39,0
11/8/2014,0,0
11/8/2014,0,0
11/8/2014,0,0
11/8/2014,0,0
11/8/2014,184,0
11/8/2014,99,0
11/8/2014,0,0
11/8/2014,7.9,0
11/8/2014,0,0
11/8/2014,0,0
11/8/2014,38,0
11/8/2014,151,0
11/8/2014,0,0
11/8/2014,29,0
11/9/2014,0,0
11/9/2014,59,0
11/9/2014,29,0
11/9/2014,306,0
11/9/2014,0,0
11/9/2014,317,0
11/9/2014,0,0
11/9/2014,0,0
11/9/2014,0,0
11/9/2014,0,0
11/9/2014,19,0
11/9/2014,236,0
11/9/2014,0,0
11/9/2014,49,0
11/10/2014,49,0
11/10/2014,63,0
11/10/2014,58,0
11/10/2014,196,0
11/10/2014,0,0
11/10/2014,209,0
11/10/2014,0,0
11/10/2014,0,0
11/10/2014,0,0
11/10/2014,0,0
11/10/2014,57,0
11/10/2014,0,0
11/10/2014,166,0
11/11/2014,99,0
11/11/2014,58,0
11/11/2014,0,0
11/11/2014,0,0
11/11/2014,230,0
11/11/2014,99,0
11/11/2014,0,0
11/11/2014,0,0
11/11/2014,0,0
11/11/2014,19,0
11/11/2014,111,0
11/11/2014,0,0
11/11/2014,78,0
11/12/2014,139,0
11/12/2014,39,0
11/12/2014,0,0
11/12/2014,0,0
11/12/2014,48,0
11/12/2014,0,0
11/12/2014,59,0
11/12/2014,0,0
11/12/2014,0,0
11/12/2014,0,0
11/12/2014,0,0
11/12/2014,151,0
11/12/2014,0,0
11/12/2014,0,0
11/13/2014,0,0
11/13/2014,29,0
11/13/2014,0,0
11/13/2014,156,0
11/13/2014,0,0
11/13/2014,126,0
11/13/2014,0,0
11/13/2014,34,0
11/13/2014,0,0
11/13/2014,0,0
11/13/2014,0,0
11/13/2014,0,0
11/13/2014,0,0
11/14/2014,169,0
11/14/2014,137,0
11/14/2014,29,0
11/14/2014,0,0
11/14/2014,166,0
11/14/2014,0,0
11/14/2014,0,0
11/14/2014,15.8,0
11/14/2014,0,0
11/14/2014,0,0
11/14/2014,19,0
11/14/2014,0,0
11/14/2014,0,0
11/15/2014,139,0
11/15/2014,0,0
11/15/2014,29,0
11/15/2014,0,0
11/15/2014,121,0
11/15/2014,0,0
11/15/2014,0,0
11/15/2014,0,0
11/15/2014,0,0
11/15/2014,19,0
11/15/2014,126,0
11/15/2014,0,0
11/15/2014,49,0
11/16/2014,0,0
11/16/2014,58,0
11/16/2014,29,0
11/16/2014,166,0
11/16/2014,0,0
11/16/2014,218,0
11/16/2014,0,0
11/16/2014,68,0
11/16/2014,0,0
11/16/2014,0,0
11/16/2014,0,0
11/16/2014,106,0
11/16/2014,0,0
11/16/2014,49,0
11/17/2014,318,0
11/17/2014,0,0
11/17/2014,0,0
11/17/2014,156,0
11/17/2014,0,0
11/17/2014,413,0
11/17/2014,0,0
11/17/2014,0,0
11/17/2014,0,0
11/17/2014,0,0
11/17/2014,0,0
11/17/2014,0,0
11/17/2014,0,0
11/17/2014,29,0
11/18/2014,0,0
11/18/2014,59,0
11/18/2014,0,0
11/18/2014,0,0
11/18/2014,78,0
11/18/2014,0,0
11/18/2014,39,0
11/18/2014,0,0
11/18/2014,0,0
11/18/2014,0,0
11/18/2014,231,0
11/18/2014,0,0
11/18/2014,0,0
11/19/2014,0,0
11/19/2014,0,0
11/19/2014,0,0
11/19/2014,0,0
11/19/2014,116,0
11/19/2014,0,0
11/19/2014,29,0
11/19/2014,0,0
11/19/2014,0,0
11/19/2014,0,0
11/19/2014,0,0
11/19/2014,201,0
11/19/2014,0,0
11/19/2014,148,0
11/20/2014,0,0
11/20/2014,0,0
11/20/2014,58,0
11/20/2014,106,0
11/20/2014,169,0
11/20/2014,157,0
11/20/2014,0,0
11/20/2014,0,0
11/20/2014,0,0
11/20/2014,0,0
11/20/2014,38,0
11/20/2014,0,0
11/20/2014,39,0
11/21/2014,0,0
11/21/2014,34,0
11/21/2014,0,0
11/21/2014,0,0
11/21/2014,156,0
11/21/2014,0,0
11/21/2014,0,0
11/21/2014,7.9,0
11/21/2014,0,0
11/21/2014,0,0
11/21/2014,19,0
11/21/2014,0,0
11/21/2014,49,0
11/22/2014,169,0
11/22/2014,59,0
11/22/2014,0,0
11/22/2014,0,0
11/22/2014,117,0
11/22/2014,0,0
11/22/2014,68,0
11/22/2014,7.9,0
11/22/2014,0,0
11/22/2014,0,0
11/22/2014,38,0
11/22/2014,106,0
11/22/2014,0,0
11/22/2014,225,0
11/23/2014,139,0
11/23/2014,0,0
11/23/2014,0,0
11/23/2014,106,0
11/23/2014,0,0
11/23/2014,39,0
11/23/2014,0,0
11/23/2014,0,0
11/23/2014,0,0
11/23/2014,0,0
11/23/2014,0,0
11/23/2014,96,0.05
11/23/2014,0,0
11/23/2014,176,0
11/24/2014,0,0
11/24/2014,0,0
11/24/2014,29,0
11/24/2014,169,0
11/24/2014,98,0
11/24/2014,0,0
11/24/2014,0,0
11/24/2014,0,0
11/24/2014,0,0
11/24/2014,19,0
11/24/2014,156,0.05
11/24/2014,0,0
11/24/2014,0,0
11/25/2014,0,0
11/25/2014,157,0
11/25/2014,0,0
11/25/2014,99,0
11/25/2014,97,0
11/25/2014,0,0
11/25/2014,0,0
11/25/2014,15.8,0
11/25/2014,0,0
11/25/2014,0,0
11/25/2014,19,0
11/25/2014,81,0.05
11/25/2014,0,0
11/25/2014,137,0
11/26/2014,0,0
11/26/2014,0,0
11/26/2014,0,0
11/26/2014,0,0
11/26/2014,139,0
11/26/2014,106,0
11/26/2014,0,0
11/26/2014,0,0
11/26/2014,7.9,0
11/26/2014,0,0
11/26/2014,0,0
11/26/2014,19,0
11/26/2014,0,0
11/26/2014,98,0
11/27/2014,0,0
11/27/2014,0,0
11/27/2014,0,0
11/27/2014,76,0.05
11/27/2014,119,0
11/27/2014,102,0
11/27/2014,0,0
11/27/2014,39,0
11/27/2014,0,0
11/27/2014,0,0
11/27/2014,19,0
11/27/2014,0,0
11/27/2014,0,0
11/27/2014,127,0
11/28/2014,0,0.45
11/28/2014,58,1
11/28/2014,0,0.2
11/28/2014,0,0.5
11/28/2014,34,2.4
11/28/2014,0,0.05
11/28/2014,78,0.25
11/28/2014,0,0
11/28/2014,0,0.05
11/28/2014,0,0.3
11/28/2014,0,0.05
11/28/2014,107,1.1
11/29/2014,0,0.65
11/29/2014,0,0.95
11/29/2014,0,0.2
11/29/2014,0,0
11/29/2014,169,0.45
11/29/2014,87,2.35
11/29/2014,0,0
11/29/2014,0,0.25
11/29/2014,0,0.05
11/29/2014,0,0.05
11/29/2014,0,0.3
11/29/2014,96,0.05
11/29/2014,0,0.05
11/29/2014,29,1.15
11/30/2014,0,0.6
11/30/2014,0,1
11/30/2014,0,0.2
11/30/2014,151,0.05
11/30/2014,0,0.4
11/30/2014,274,2.35
11/30/2014,0,0.05
11/30/2014,29,0.25
11/30/2014,0,0.05
11/30/2014,0,0.05
11/30/2014,0,0.3
11/30/2014,106,0.05
11/30/2014,0,0.05
11/30/2014,166,1.1
12/1/2014,0,0
12/1/2014,0,0
12/1/2014,29,0
12/1/2014,0,0
12/1/2014,88,0
12/1/2014,0,0
12/1/2014,98,0
12/1/2014,0,0
12/1/2014,29,0
12/1/2014,0,0
12/1/2014,136,0
12/1/2014,0,0
12/1/2014,88,0
12/2/2014,0,0
12/2/2014,63,0
12/2/2014,0,0
12/2/2014,169,0
12/2/2014,247,0
12/2/2014,0,0
12/2/2014,0,0
12/2/2014,0,0
12/2/2014,0,0
12/2/2014,19,0
12/2/2014,96,0
12/2/2014,0,0
12/2/2014,88,0
12/3/2014,0,0
12/3/2014,0,0
12/3/2014,29,0
12/3/2014,288,0
12/3/2014,48,0
12/3/2014,0,0
12/3/2014,0,0
12/3/2014,0,0
12/3/2014,0,0
12/3/2014,0,0
12/3/2014,19,0
12/3/2014,0,0
12/3/2014,78,0
12/4/2014,149,0
12/4/2014,0,0
12/4/2014,0,0
12/4/2014,56,0
12/4/2014,139,0
12/4/2014,107,0
12/4/2014,0,0
12/4/2014,0,0
12/4/2014,0,0
12/4/2014,29,0
12/4/2014,0,0
12/4/2014,0,0
12/4/2014,137,0
12/5/2014,0,0.6
12/5/2014,59,0.95
12/5/2014,29,0.2
12/5/2014,0,0.4
12/5/2014,97,2.35
12/5/2014,0,0
12/5/2014,0,0.25
12/5/2014,7.9,0
12/5/2014,0,0.05
12/5/2014,0,0.05
12/5/2014,0,0.3
12/5/2014,0,0
12/5/2014,0,0.05
12/5/2014,49,1.15
12/6/2014,169,0.5
12/6/2014,59,0.9
12/6/2014,0,0.2
12/6/2014,0,0.4
12/6/2014,156,2.35
12/6/2014,0,0.25
12/6/2014,0,0.05
12/6/2014,0,0.05
12/6/2014,0,0.3
12/6/2014,121,0
12/6/2014,0,0.05
12/6/2014,98,1.1
12/7/2014,0,0.5
12/7/2014,73,0.9
12/7/2014,145,0.2
12/7/2014,101,0
12/7/2014,0,0.45
12/7/2014,127,2.35
12/7/2014,0,0.05
12/7/2014,0,0.25
12/7/2014,7.9,0
12/7/2014,0,0
12/7/2014,0,0.05
12/7/2014,57,0.3
12/7/2014,86,0
12/7/2014,0,0.05
12/7/2014,0,1.05
12/8/2014,99,0
12/8/2014,0,0
12/8/2014,0,0
12/8/2014,139,0
12/8/2014,68,0
12/8/2014,0,0
12/8/2014,29,0
12/8/2014,0,0
12/8/2014,29,0
12/8/2014,0,0
12/8/2014,76,0
12/8/2014,0,0
12/8/2014,49,0
12/9/2014,169,0
12/9/2014,73,0
12/9/2014,29,0
12/9/2014,0,0
12/9/2014,107,0
12/9/2014,0,0
12/9/2014,0,0
12/9/2014,0,0
12/9/2014,0,0
12/9/2014,66,0
12/9/2014,0,0
12/9/2014,68,0
12/10/2014,169,0
12/10/2014,0,0
12/10/2014,0,0
12/10/2014,0,0
12/10/2014,112,0
12/10/2014,0,0
12/10/2014,39,0
12/10/2014,0,0
12/10/2014,0,0
12/10/2014,0,0
12/10/2014,19,0
12/10/2014,0,0
12/10/2014,127,0
12/11/2014,398,0
12/11/2014,97,0
12/11/2014,0,0
12/11/2014,126,0
12/11/2014,0,0
12/11/2014,38,0
12/11/2014,0,0
12/11/2014,0,0
12/11/2014,0,0
12/11/2014,0,0
12/11/2014,0,0
12/11/2014,0,0
12/11/2014,0,0
12/12/2014,0,0.5
12/12/2014,0,0.95
12/12/2014,0,0.2
12/12/2014,139,0.4
12/12/2014,117,2.35
12/12/2014,29,0.25
12/12/2014,0,0.05
12/12/2014,0,0.05
12/12/2014,0,0.3
12/12/2014,0,0.05
12/12/2014,224,1.15
12/13/2014,0,0.45
12/13/2014,151,0.95
12/13/2014,0,0.2
12/13/2014,119,0.5
12/13/2014,225,2.35
12/13/2014,0,0.05
12/13/2014,0,0.25
12/13/2014,0,0
12/13/2014,0,0.05
12/13/2014,0,0.3
12/13/2014,141,0
12/13/2014,0,0.05
12/13/2014,39,1.05
12/14/2014,0,0.6
12/14/2014,39,0.95
12/14/2014,58,0.2
12/14/2014,71,0
12/14/2014,272,0.4
12/14/2014,63,2.4
12/14/2014,0,0.05
12/14/2014,0,0.25
12/14/2014,0,0.05
12/14/2014,0,0.05
12/14/2014,19,0.3
12/14/2014,191,0
12/14/2014,0,0.05
12/14/2014,0,1.15
12/15/2014,169,0
12/15/2014,39,0
12/15/2014,0,0
12/15/2014,238,0
12/15/2014,254,0
12/15/2014,0,0
12/15/2014,0,0
12/15/2014,0,0
12/15/2014,29,0
12/15/2014,0,0
12/15/2014,56,0
12/15/2014,0,0
12/15/2014,0,0
12/16/2014,139,0
12/16/2014,59,0
12/16/2014,0,0
12/16/2014,99,0
12/16/2014,157,0
12/16/2014,0,0
12/16/2014,7.9,0
12/16/2014,0,0
12/16/2014,19,0
12/16/2014,206,0
12/16/2014,0,0
12/16/2014,147,0
12/17/2014,0,0
12/17/2014,93,0
12/17/2014,29,0
12/17/2014,0,0
12/17/2014,59,0
12/17/2014,0,0
12/17/2014,39,0
12/17/2014,0,0
12/17/2014,0,0
12/17/2014,0,0
12/17/2014,0,0
12/17/2014,0,0
12/17/2014,29,0
12/18/2014,0,0
12/18/2014,68,0
12/18/2014,0,0
12/18/2014,56,0
12/18/2014,0,0
12/18/2014,186,0
12/18/2014,0,0
12/18/2014,58,0
12/18/2014,0,0
12/18/2014,0,0
12/18/2014,0,0
12/18/2014,0,0
12/18/2014,0,0
12/19/2014,0,0.5
12/19/2014,0,0.95
12/19/2014,0,0.2
12/19/2014,0,0.3
12/19/2014,88,2.3
12/19/2014,0,0.25
12/19/2014,0,0.05
12/19/2014,19,0.3
12/19/2014,0,0.05
12/19/2014,68,1.05
12/20/2014,169,0.55
12/20/2014,0,0.95
12/20/2014,0,0.2
12/20/2014,0,0.35
12/20/2014,0,2.4
12/20/2014,0,0.05
12/20/2014,59,0.25
12/20/2014,0,0.05
12/20/2014,0,0.05
12/20/2014,19,0.3
12/20/2014,136,0
12/20/2014,0,0.05
12/20/2014,98,1.15
12/21/2014,0,0.4
12/21/2014,34,0.95
12/21/2014,0,0.2
12/21/2014,106,0
12/21/2014,119,0.4
12/21/2014,88,2.4
12/21/2014,0,0
12/21/2014,0,0.25
12/21/2014,7.9,0
12/21/2014,0,0
12/21/2014,0,0.05
12/21/2014,38,0.3
12/21/2014,181,0
12/21/2014,0,0.05
12/21/2014,98,1.1
12/22/2014,119,0
12/22/2014,39,0
12/22/2014,29,0
12/22/2014,407,0
12/22/2014,39,0
12/22/2014,0,0
12/22/2014,0,0
12/22/2014,0,0
12/22/2014,66,0
12/22/2014,0,0
12/22/2014,97,0
12/23/2014,0,0
12/23/2014,0,0
12/23/2014,58,0
12/23/2014,119,0
12/23/2014,29,0
12/23/2014,0,0
12/23/2014,0,0
12/23/2014,0,0
12/23/2014,19,0
12/23/2014,66,0
12/23/2014,0,0
12/23/2014,29,0
12/24/2014,0,0
12/24/2014,0,0
12/24/2014,0,0
12/24/2014,0,0
12/24/2014,49,0
12/24/2014,0,0
12/24/2014,0,0
12/24/2014,0,0
12/24/2014,0,0
12/24/2014,19,0
12/24/2014,0,0
12/24/2014,49,0
12/25/2014,0,0
12/25/2014,118,0
12/25/2014,29,0
12/25/2014,101,0.05
12/25/2014,0,0
12/25/2014,19,0
12/25/2014,29,0
12/25/2014,0,0
12/25/2014,19,0
12/25/2014,0,0
12/25/2014,196,0
12/26/2014,288,0
12/26/2014,0,0
12/26/2014,0,0
12/26/2014,198,0
12/26/2014,147,0
12/26/2014,0,0
12/26/2014,0,0
12/26/2014,19,0
12/26/2014,0,0
12/26/2014,58,0
12/27/2014,0,0
12/27/2014,0,0
12/27/2014,0,0
12/27/2014,0,0
12/27/2014,78,0
12/27/2014,0,0
12/27/2014,0,0
12/27/2014,0,0
12/27/2014,106,0.05
12/27/2014,0,0
12/27/2014,58,0
12/28/2014,0,0
12/28/2014,166,0
12/28/2014,0,0
12/28/2014,61,0.05
12/28/2014,99,0
12/28/2014,142,0
12/28/2014,0,0
12/28/2014,0,0
12/28/2014,0,0
12/28/2014,136,0.05
12/28/2014,0,0
12/28/2014,98,0
12/29/2014,99,0
12/29/2014,0,0
12/29/2014,0,0
12/29/2014,169,0
12/29/2014,97,0
12/29/2014,0,0
12/29/2014,0,0
12/29/2014,38,0
12/29/2014,116,0.05
12/29/2014,0,0
12/29/2014,29,0
12/30/2014,0,0
12/30/2014,29,0
12/30/2014,0,0
12/30/2014,0,0
12/30/2014,83,0
12/30/2014,0,0
12/30/2014,0,0
12/30/2014,0,0
12/30/2014,71,0.05
12/30/2014,0,0
12/30/2014,59,0
12/31/2014,0,0
12/31/2014,0,0
12/31/2014,0,0
12/31/2014,99,0
12/31/2014,186,0
12/31/2014,0,0
12/31/2014,7.9,0
12/31/2014,0,0
12/31/2014,38,0
12/31/2014,0,0
12/31/2014,0,0
1/1/2015,218,0
1/1/2015,0,0
1/1/2015,0,0
1/1/2015,76,0
1/1/2015,99,0
1/1/2015,196,0
1/1/2015,0,0
1/1/2015,0,0
1/1/2015,0,0
1/1/2015,0,0
1/1/2015,0,0
1/2/2015,0,0
1/2/2015,0,0
1/2/2015,0,0
1/2/2015,0,0
1/2/2015,167,0
1/2/2015,0,0
1/2/2015,0,0
1/2/2015,0,0
1/2/2015,0,0
1/2/2015,107,0
1/3/2015,0,0
1/3/2015,39,0
1/3/2015,58,0
1/3/2015,99,0
1/3/2015,19,0
1/3/2015,0,0
1/3/2015,7.9,0
1/3/2015,0,0
1/3/2015,0,0
1/3/2015,106,0
1/3/2015,0,0
1/3/2015,147,0
1/4/2015,99,0
1/4/2015,29,0
1/4/2015,0,0
1/4/2015,126,0
1/4/2015,0,0
1/4/2015,181,0
1/4/2015,0,0
1/4/2015,0,0
1/4/2015,0,0
1/4/2015,101,0
1/4/2015,0,0
1/4/2015,29,0
1/5/2015,0,0
1/5/2015,0,0
1/5/2015,0,0
1/5/2015,0,0
1/5/2015,77,0
1/5/2015,0,0
1/5/2015,15.8,0
1/5/2015,0,0
1/5/2015,19,0
1/5/2015,211,0
1/5/2015,0,0
1/5/2015,0,0
1/6/2015,0,0
1/6/2015,34,0
1/6/2015,0,0
1/6/2015,0,0
1/6/2015,214,0
1/6/2015,0,0
1/6/2015,7.9,0
1/6/2015,0,0
1/6/2015,0,0
1/6/2015,61,0
1/6/2015,0,0
1/6/2015,0,0
1/7/2015,0,0
1/7/2015,93,0
1/7/2015,0,0
1/7/2015,139,0
1/7/2015,49,0
1/7/2015,39,0
1/7/2015,0,0
1/7/2015,0,0
1/7/2015,0,0
1/7/2015,0,0
1/7/2015,39,0
1/8/2015,0,0
1/8/2015,0,0
1/8/2015,0,0
1/8/2015,56,0
1/8/2015,0,0
1/8/2015,176,0
1/8/2015,0,0
1/8/2015,0,0
1/8/2015,19,0
1/8/2015,0,0
1/8/2015,49,0
1/9/2015,0,0
1/9/2015,63,0
1/9/2015,0,0
1/9/2015,0,0
1/9/2015,39,0
1/9/2015,0,0
1/9/2015,0,0
1/9/2015,0,0
1/9/2015,0,0
1/9/2015,137,0
1/10/2015,0,0
1/10/2015,0,0
1/10/2015,0,0
1/10/2015,99,0
1/10/2015,97,0
1/10/2015,0,0
1/10/2015,0,0
1/10/2015,0,0
1/10/2015,121,0
1/10/2015,0,0
1/10/2015,195,0
1/11/2015,0,0
1/11/2015,0,0
1/11/2015,58,0
1/11/2015,101,0
1/11/2015,0,0
1/11/2015,233,0
1/11/2015,0,0
1/11/2015,0,0
1/11/2015,19,0
1/11/2015,116,0
1/11/2015,0,0
1/11/2015,39,0
1/12/2015,268,0
1/12/2015,0,0
1/12/2015,29,0
1/12/2015,0,0
1/12/2015,108,0
1/12/2015,0,0
1/12/2015,0,0
1/12/2015,0,0
1/12/2015,116,0
1/12/2015,0,0
1/12/2015,0,0
1/13/2015,0,0
1/13/2015,93,0
1/13/2015,0,0
1/13/2015,0,0
1/13/2015,49,0
1/13/2015,29,0
1/13/2015,0,0
1/13/2015,0,0
1/13/2015,61,0
1/13/2015,0,0
1/13/2015,0,0
1/14/2015,0,0
1/14/2015,39,0
1/14/2015,0,0
1/14/2015,0,0
1/14/2015,210,0
1/14/2015,0,0
1/14/2015,0,0
1/14/2015,0,0
1/14/2015,19,0
1/14/2015,0,0
1/14/2015,49,0
1/15/2015,0,0
1/15/2015,39,0
1/15/2015,58,0
1/15/2015,151,0
1/15/2015,0,0
1/15/2015,39,0
1/15/2015,0,0
1/15/2015,0,0
1/15/2015,19,0
1/15/2015,0,0
1/15/2015,39,0
1/16/2015,0,0
1/16/2015,58,0
1/16/2015,29,0
1/16/2015,0,0
1/16/2015,48,0
1/16/2015,0,0
1/16/2015,0,0
1/16/2015,0,0
1/16/2015,0,0
1/16/2015,0,0
1/16/2015,0,0
1/17/2015,0,0
1/17/2015,157,0
1/17/2015,0,0
1/17/2015,0,0
1/17/2015,88,0
1/17/2015,0,0
1/17/2015,7.9,0
1/17/2015,0,0
1/17/2015,0,0
1/17/2015,0,0
1/17/2015,136,0
1/17/2015,0,0
1/17/2015,88,0
1/19/2015,139,0
1/19/2015,0,0
1/19/2015,0,0
1/19/2015,99,0
1/19/2015,127,0
1/19/2015,88,0
1/19/2015,7.9,0
1/19/2015,0,0
1/19/2015,0,0
1/19/2015,0,0
1/19/2015,86,0
1/19/2015,0,0
1/19/2015,78,0
1/20/2015,229,0
1/20/2015,0,0
1/20/2015,0,0
1/20/2015,99,0
1/20/2015,29,0
1/20/2015,0,0
1/20/2015,0,0
1/20/2015,0,0
1/20/2015,0,0
1/20/2015,56,0
1/20/2015,0,0
1/20/2015,98,0
1/21/2015,139,0
1/21/2015,0,0
1/21/2015,29,0
1/21/2015,139,0
1/21/2015,156,0
1/21/2015,0,0
1/21/2015,7.9,0
1/21/2015,0,0
1/21/2015,0,0
1/21/2015,38,0
1/21/2015,0,0
1/21/2015,39,0
1/22/2015,169,0
1/22/2015,0,0
1/22/2015,0,0
1/22/2015,71,0
1/22/2015,139,0
1/22/2015,141,0
1/22/2015,0,0
1/22/2015,0,0
1/22/2015,29,0
1/22/2015,0,0
1/22/2015,0,0
1/22/2015,0,0
1/23/2015,169,0
1/23/2015,59,0
1/23/2015,0,0
1/23/2015,0,0
1/23/2015,39,0
1/23/2015,39,0
1/23/2015,0,0
1/23/2015,0,0
1/23/2015,0,0
1/23/2015,0,0
1/23/2015,0,0
1/24/2015,308,0
1/24/2015,118,0
1/24/2015,0,0
1/24/2015,0,0
1/24/2015,58,0
1/24/2015,0,0
1/24/2015,0,0
1/24/2015,29,0
1/24/2015,0,0
1/24/2015,126,0
1/24/2015,0,0
1/24/2015,49,0
1/25/2015,188,0
1/25/2015,0,0
1/25/2015,0,0
1/25/2015,156,0.05
1/25/2015,0,0
1/25/2015,116,0
1/25/2015,0,0
1/25/2015,7.9,0
1/25/2015,0,0
1/25/2015,0,0
1/25/2015,0,0
1/25/2015,101,0.05
1/25/2015,0,0
1/25/2015,58,0
1/26/2015,0,0
1/26/2015,59,0
1/26/2015,29,0
1/26/2015,270,0
1/26/2015,118,0
1/26/2015,0,0
1/26/2015,0,0
1/26/2015,0,0
1/26/2015,0,0
1/26/2015,211,0
1/26/2015,0,0
1/26/2015,0,0
1/27/2015,0,0
1/27/2015,0,0
1/27/2015,0,0
1/27/2015,0,0
1/27/2015,142,0
1/27/2015,0,0
1/27/2015,7.9,0
1/27/2015,0,0
1/27/2015,0,0
1/27/2015,0,0
1/27/2015,61,0
1/27/2015,0,0
1/27/2015,136,0
1/28/2015,0,0
1/28/2015,34,0
1/28/2015,0,0
1/28/2015,0,0
1/28/2015,115,0
1/28/2015,0,0
1/28/2015,7.9,0
1/28/2015,0,0
1/28/2015,0,0
1/28/2015,0,0
1/28/2015,99,0
1/28/2015,117,0
1/29/2015,0,0
1/29/2015,98,0
1/29/2015,0,0
1/29/2015,101,0
1/29/2015,0,0
1/29/2015,108,0
1/29/2015,0,0
1/29/2015,0,0
1/29/2015,0,0
1/29/2015,0,0
1/29/2015,0,0
1/29/2015,78,0
1/30/2015,0,0
1/30/2015,0,0
1/30/2015,0,0
1/30/2015,0,0
1/30/2015,67,0
1/30/2015,0,0
1/30/2015,0,0
1/30/2015,0,0
1/30/2015,0,0
1/30/2015,99,0
1/30/2015,29,0
1/31/2015,0,0
1/31/2015,68,0
1/31/2015,29,0
1/31/2015,169,0
1/31/2015,235,0
1/31/2015,118,0
1/31/2015,0,0
1/31/2015,0,0
1/31/2015,0,0
1/31/2015,96,0.05
1/31/2015,0,0
1/31/2015,49,0
2/1/2015,0,0
2/1/2015,0,0
2/1/2015,29,0
2/1/2015,46,0
2/1/2015,0,0
2/1/2015,68,0
2/1/2015,0,0
2/1/2015,0,0
2/1/2015,0,0
2/1/2015,0,0
2/1/2015,186,0
2/1/2015,0,0
2/1/2015,127,0
2/2/2015,0,0
2/2/2015,0,0
2/2/2015,29,0
2/2/2015,0,0
2/2/2015,0,0
2/2/2015,92,0
2/2/2015,29,0
2/2/2015,0,0
2/2/2015,0,0
2/2/2015,0,0
2/2/2015,0,0
2/2/2015,0,0
2/2/2015,127,0
2/3/2015,0,0
2/3/2015,0,0
2/3/2015,0,0
2/3/2015,0,0
2/3/2015,214,0
2/3/2015,0,0
2/3/2015,0,0
2/3/2015,0,0
2/3/2015,19,0
2/3/2015,0,0
2/3/2015,0,0
2/3/2015,137,0
2/4/2015,0,0
2/4/2015,0,0
2/4/2015,29,0
2/4/2015,0,0
2/4/2015,0,0
2/4/2015,0,0
2/4/2015,0,0
2/4/2015,0,0
2/4/2015,0,0
2/4/2015,0,0
2/4/2015,0,0
2/4/2015,0,0
2/5/2015,0,0
2/5/2015,59,0
2/5/2015,0,0
2/5/2015,76,0
2/5/2015,0,0
2/5/2015,78,0
2/5/2015,0,0
2/5/2015,0,0
2/5/2015,0,0
2/5/2015,0,0
2/5/2015,0,0
2/5/2015,0,0
2/5/2015,78,0